lwage,educ,exper,black,smsa,south,nearc4
6.306275,7,16,1,1,0,0
6.175867,12,9,0,1,0,0
6.580639,12,16,0,1,0,0
5.521461,11,10,0,1,0,1
6.591674,12,16,0,1,0,1
6.214608,12,8,0,1,0,1
6.336826,18,9,0,1,0,1
6.410175,14,9,0,1,0,1
6.052089,12,10,0,1,0,1
6.244167,12,11,0,1,0,1
5.416101,9,13,0,1,0,1
5.991465,12,8,0,1,0,1
6.033086,11,7,0,1,0,1
5.379897,11,13,0,1,0,1
6.795706,16,9,1,1,0,1
5.703783,14,4,0,1,0,1
5.846439,12,16,0,1,0,1
6.489205,14,9,0,1,0,1
6.35437,10,10,0,1,0,1
6.475433,12,14,0,1,0,1
6.850126,18,8,0,1,1,1
6.419995,18,10,0,1,0,1
6.58755,15,11,0,0,0,1
6.403574,12,10,0,1,0,1
6.54103,12,14,0,1,0,1
7.244227,18,10,0,0,0,1
5.703783,12,8,0,1,0,1
7.495542,18,8,0,1,0,1
6.023448,12,7,0,1,0,1
6.448889,14,9,0,0,0,1
5.337538,12,7,0,1,0,1
6.124683,12,7,1,1,0,1
6.71417,16,2,0,1,0,1
6.357842,18,10,0,1,0,1
5.541264,11,11,0,1,0,1
6.869014,16,8,0,1,0,1
6.850126,10,15,0,1,0,1
7.044033,18,10,0,1,0,1
5.780744,6,15,0,1,0,1
5.459586,11,7,1,1,0,1
6.907755,12,16,0,1,0,1
6.175867,9,11,0,1,0,1
6.436151,15,11,0,1,0,1
6.476973,11,17,0,1,0,1
5.840641,12,6,1,1,0,1
5.940171,16,2,0,1,1,1
5.866468,12,6,0,1,0,1
6.490724,13,6,0,1,0,1
6.431331,17,5,0,1,0,1
6.086775,12,7,0,1,0,1
6.603944,12,8,1,1,0,1
5.634789,11,14,1,0,1,1
6.073044,10,8,0,1,0,1
6.558198,12,9,0,1,0,1
6.052089,12,9,0,1,0,1
6.347389,12,6,0,1,0,1
6.287858,16,8,0,1,0,1
6.60665,16,10,0,1,0,1
6.511745,13,13,0,1,0,1
6.645091,12,16,0,1,0,1
6.383507,12,6,0,1,0,1
5.361292,9,9,1,1,0,1
7.354362,16,12,0,1,0,1
6.651572,16,6,0,1,0,1
6.39693,12,8,0,1,1,1
6.54103,18,0,0,1,0,1
6.345636,13,12,0,1,0,1
6.070738,14,8,0,1,0,1
6.287858,15,7,0,1,0,1
6.440947,12,7,0,1,0,1
6.175867,8,17,0,1,0,1
6.300786,12,8,0,1,0,1
6.356108,12,7,0,1,0,1
6.55108,16,3,0,1,0,1
6.669498,16,6,0,1,0,1
6.919684,17,4,0,1,0,1
6.630683,12,6,0,1,0,1
6.398595,14,9,0,1,0,1
5.645447,12,6,0,1,0,1
5.521461,12,6,0,1,0,1
6.214608,12,8,0,1,0,1
6.309918,11,14,0,1,0,1
7.041412,12,7,0,1,0,1
6.697034,18,7,0,1,1,1
5.746203,12,10,1,1,0,1
6.594413,18,1,0,1,0,1
6.437752,16,3,0,1,0,1
6.376727,14,4,0,1,0,1
5.926926,14,6,0,1,0,1
6.705639,16,7,0,1,1,1
6.76273,14,10,0,1,0,1
5.857933,15,7,0,1,1,1
5.308268,13,5,0,1,1,1
6.224558,13,13,0,1,1,1
6.704414,17,7,0,1,0,1
6.437752,18,2,0,1,0,1
6.645091,18,8,0,1,0,1
6.214608,17,4,0,1,0,1
6.428105,17,4,0,1,0,1
6.476973,12,12,0,1,0,1
6.645091,18,4,0,1,0,1
6.238325,12,8,0,1,0,1
6.437752,18,7,0,1,0,1
7.013016,14,11,0,1,0,1
6.580639,13,9,0,1,0,1
7.05099,14,12,0,1,0,1
6.717805,18,10,0,0,0,1
6.827629,16,12,0,1,0,1
6.981006,17,5,0,1,0,1
6.437752,12,15,0,1,0,1
6.131227,13,8,0,1,0,1
6.802395,14,4,1,1,0,1
6.52503,18,5,0,1,0,1
6.018593,12,6,0,1,0,1
6.437752,13,8,0,1,0,1
6.912743,18,8,0,1,0,1
6.586172,11,7,0,1,0,1
6.620073,15,6,0,1,0,1
6.270988,14,9,0,1,0,1
6.879356,17,6,0,1,0,1
6.156979,12,8,0,0,0,1
5.783825,12,6,0,1,0,1
6.774224,12,16,0,1,0,1
6.437752,13,15,0,1,0,1
5.820083,12,8,0,1,0,1
6.175867,16,5,0,1,0,1
6.476973,9,14,0,1,0,1
5.948035,16,3,0,1,0,1
6.869014,18,6,0,1,0,1
6.421622,16,7,0,0,0,1
6.553934,14,8,0,1,0,1
6.453625,14,11,0,1,0,1
5.298317,12,10,0,1,0,1
6.705639,12,9,0,1,0,1
6.357842,14,6,0,1,0,1
6.144186,17,3,0,1,0,1
6.828712,16,7,0,1,0,1
6.675823,16,9,0,1,1,1
6.453625,14,8,0,1,0,1
6.345636,12,7,0,1,0,1
6.558198,16,7,0,1,0,1
6.453625,14,8,0,1,0,1
6.542472,12,12,0,1,0,1
6.421622,13,15,0,1,0,1
6.135565,16,4,0,1,0,1
6.76273,12,16,0,1,0,1
6.602588,18,9,0,1,1,1
7.244227,12,7,0,1,0,1
6.694562,12,13,0,1,0,1
6.483108,16,4,0,1,0,1
5.703783,12,7,0,1,0,1
6.357842,16,8,0,1,0,1
5.57973,16,2,0,1,0,1
6.386879,18,7,0,0,0,1
5.783825,17,3,0,1,0,1
5.953243,16,2,0,0,0,1
6.907755,18,1,0,1,0,1
6.142037,18,4,0,1,0,1
6.086775,16,6,0,1,0,1
6.437752,16,5,0,1,0,1
5.652489,17,4,0,1,0,1
6.476973,14,7,0,1,0,1
6.694562,13,6,0,1,0,1
6.214608,12,6,0,1,0,1
6.72263,16,4,0,1,0,1
6.214608,12,13,0,1,0,1
6.54103,17,9,0,1,0,1
7.003066,12,9,0,1,0,1
6.637258,12,7,0,1,0,1
6.678342,12,9,0,1,0,1
5.808143,16,3,0,1,0,1
6.013715,18,6,0,1,0,1
6.76273,16,5,0,1,0,1
6.788972,12,13,0,1,0,1
6.511745,12,16,0,1,0,1
6.55108,12,15,0,0,0,1
5.521461,18,9,0,1,1,1
6.437752,11,10,0,1,0,1
6.033086,13,12,0,1,0,1
6.356108,13,9,0,1,0,1
6.418365,12,8,1,1,0,1
6.55108,12,13,0,1,0,1
6.109248,12,6,0,1,0,1
6.214608,16,6,0,1,0,1
6.242223,12,7,0,0,0,1
5.521461,16,3,0,1,0,1
5.752573,12,6,0,0,0,1
5.926926,12,11,0,1,0,1
6.124683,15,13,0,0,0,1
5.616771,12,9,1,1,0,1
6.857514,12,10,0,1,0,1
7.01661,16,10,0,1,0,1
5.666427,16,3,0,0,0,1
6.214608,16,3,0,1,0,1
6.58755,18,8,0,1,0,1
7.142828,18,5,0,1,0,1
6.418365,17,3,1,1,0,1
6.300786,12,10,0,1,0,1
5.627621,13,9,0,1,0,1
7.273787,18,10,0,1,0,1
6.902743,16,5,0,1,0,1
6.55108,12,11,0,1,0,1
6.357842,16,6,0,1,0,1
6.754604,16,9,0,1,0,1
6.530878,12,10,0,1,0,1
6.723833,15,10,0,1,0,1
6.45047,13,14,0,1,0,1
6.535241,12,14,0,1,0,1
6.645091,14,10,0,1,0,1
5.953243,15,6,0,1,0,1
6.109248,12,6,0,1,0,1
6.421622,12,9,0,1,0,1
6.52503,12,16,0,1,0,1
6.507277,10,16,0,1,0,1
6.684612,11,16,0,1,0,1
6.224558,14,14,0,1,0,1
6.933423,18,6,0,1,0,1
6.645091,15,4,0,1,0,1
5.669881,10,16,0,1,1,1
6.270988,13,9,0,1,0,1
7.05099,16,7,0,1,0,1
6.308098,10,13,0,1,0,1
6.163315,12,8,0,1,0,1
6.109248,12,8,0,1,0,1
6.774224,17,4,0,1,0,1
5.298317,15,4,0,1,0,1
5.703783,13,7,0,0,0,1
6.135565,16,3,0,0,0,1
5.953243,12,12,0,1,0,1
7.156177,15,11,0,1,0,1
6.376727,16,3,0,1,0,1
6.39693,12,9,0,1,0,1
6.214608,16,8,0,1,0,1
6.086775,12,15,1,1,0,1
6.146329,18,2,0,1,1,1
6.834109,17,6,0,1,0,1
6.320768,16,5,0,1,0,1
6.082219,13,5,0,1,0,1
6.39693,12,11,1,1,0,1
6.35437,12,8,1,1,0,1
5.963579,12,8,1,1,0,1
6.678342,12,16,0,0,0,1
6.154858,18,3,0,1,0,1
5.308268,17,3,0,1,0,1
5.298317,17,1,0,1,0,1
5.857933,17,1,0,1,0,1
5.926926,14,4,0,0,0,1
6.175867,16,3,0,1,0,1
6.869014,18,7,0,1,0,1
6.047372,15,6,0,1,0,1
6.214608,15,6,0,1,0,1
6.109248,9,15,0,1,0,1
6.165418,8,14,0,1,0,1
4.912655,12,6,0,1,0,1
6.35437,12,14,0,1,0,1
6.357842,12,15,0,1,0,1
5.736572,12,13,0,1,0,1
6.55108,9,15,0,1,0,1
7.186901,14,12,0,1,0,1
6.311735,10,18,0,1,0,1
6.781058,17,7,0,1,0,1
6.633318,12,7,0,1,0,1
6.562444,12,14,0,1,0,1
6.052089,12,8,0,1,0,1
6.056784,12,8,0,1,0,1
6.356108,16,2,0,1,0,1
5.991465,9,17,0,1,0,1
6.214608,12,13,0,0,0,1
6.274762,12,10,0,0,0,1
6.511745,16,6,0,1,0,1
6.357842,16,5,0,1,1,1
5.783825,16,2,0,1,0,1
6.214608,11,12,0,0,0,1
6.64639,12,7,0,0,0,1
6.214608,12,8,0,1,0,1
5.968708,16,6,0,1,0,1
6.697034,12,16,0,1,0,1
6.297109,9,19,1,0,0,1
6.385194,9,19,1,0,0,1
6.761573,17,2,0,1,0,1
6.55108,10,12,1,0,0,1
6.234411,12,7,0,0,0,1
6.421622,13,15,0,1,0,1
6.634634,14,9,0,1,0,1
6.200509,10,15,0,1,0,1
6.098074,16,2,0,1,0,1
6.052089,12,7,0,1,0,1
6.620073,16,2,0,1,0,1
6.55108,16,2,0,1,0,1
6.082219,12,6,0,1,0,1
6.410175,12,11,0,1,0,1
6.109248,13,5,0,1,0,1
5.746203,3,17,0,1,0,1
5.521461,7,20,1,1,0,1
6.214608,14,13,0,1,0,1
5.899898,12,8,0,1,0,0
6.700731,12,8,0,1,0,0
5.786897,12,7,0,0,0,0
6.261492,12,11,0,0,0,0
6.703188,13,9,0,1,0,0
6.620073,12,10,0,1,0,0
6.263398,17,1,0,1,0,0
7.025538,12,14,0,1,0,0
6.437752,12,10,0,1,0,0
6.572282,14,5,0,1,0,0
6.381816,12,13,0,0,0,0
6.001415,17,4,0,1,0,0
6.514713,12,10,0,1,0,1
6.095825,12,7,0,1,0,1
6.190315,12,6,0,1,0,1
6.543912,9,19,0,1,0,1
6.55108,12,7,0,1,1,1
5.783825,12,6,0,1,1,1
6.320768,9,10,0,1,0,1
5.783825,12,8,0,1,0,1
6.504288,13,7,0,1,0,1
7.784889,18,7,0,1,0,1
6.630683,16,3,0,1,0,1
6.893656,16,12,0,1,0,1
6.357842,12,7,0,1,0,1
5.655992,17,6,0,0,0,1
5.442418,14,8,0,1,1,1
6.240276,12,7,0,1,0,1
6.421622,15,7,0,1,0,1
6.55108,15,4,0,1,0,1
6.570883,18,9,0,1,0,1
6.552508,9,15,0,1,0,1
6.135565,12,6,1,1,0,1
6.766191,18,4,0,1,0,1
6.821107,16,7,0,0,0,1
6.97073,12,9,0,1,0,1
5.991465,12,11,0,1,1,1
6.461468,12,9,0,1,0,1
5.652489,13,5,0,1,0,1
6.463029,17,4,0,1,1,1
5.963579,13,13,0,1,0,1
6.917706,12,7,0,1,0,1
6.705639,12,6,0,0,0,1
6.882438,17,4,0,1,0,1
6.620073,12,11,1,1,0,1
6.137727,15,3,0,0,0,1
7.234899,12,10,0,1,0,1
6.357842,12,7,0,1,0,1
5.993961,12,9,0,1,0,1
5.768321,10,10,0,1,0,1
6.242223,12,9,0,1,0,1
5.337538,11,8,0,1,0,1
7.083388,17,4,0,1,0,1
6.437752,14,6,0,1,0,1
6.175867,17,11,0,1,0,1
6.570883,13,8,0,1,0,1
6.437752,11,10,0,1,0,1
6.315358,12,12,0,1,0,1
6.361302,12,16,0,1,0,1
6.734591,18,4,0,1,0,1
7.561642,18,9,0,1,0,1
6.692084,16,4,0,1,0,1
5.840641,12,11,1,1,0,1
6.869014,12,14,0,1,0,1
6.39693,12,14,0,0,0,1
6.729824,18,10,0,1,0,1
6.437752,16,2,0,1,0,1
6.33328,16,6,0,1,0,1
7.251345,16,6,0,1,0,1
6.173786,12,7,0,1,0,1
6.39693,12,6,0,1,0,1
5.703783,9,13,0,1,0,1
6.224558,9,10,0,1,0,1
6.033086,14,5,1,1,0,1
5.703783,12,6,1,1,0,1
6.76273,18,3,0,1,0,1
5.703783,16,3,0,1,0,1
6.580639,12,14,0,1,0,1
6.75227,12,16,0,1,0,1
6.603944,10,14,0,1,0,1
6.964136,17,8,1,1,0,1
6.270988,12,14,1,1,0,1
6.349139,11,17,0,1,0,1
6.690842,12,14,0,0,0,1
5.991465,10,14,0,1,0,1
6.869014,18,5,0,1,0,1
6.705639,18,3,0,1,0,1
6.60665,13,9,0,1,0,1
6.580639,18,6,0,1,0,1
6.816736,18,0,0,1,0,1
5.937536,17,4,0,1,0,1
5.857933,14,6,0,1,0,1
6.542472,11,16,0,1,0,1
6.921658,12,14,0,1,1,1
7.035269,18,10,0,1,0,1
7.443664,18,6,0,1,0,1
6.270988,12,8,0,1,0,1
6.511745,17,9,1,1,0,1
6.917706,17,5,0,1,0,1
6.74052,18,4,0,1,0,1
6.565265,11,10,0,1,0,1
6.709304,16,4,0,0,0,1
6.102559,12,6,0,1,0,1
6.214608,15,4,0,1,0,1
6.955593,16,9,0,1,0,1
7.091742,18,5,0,1,0,1
6.536692,12,15,0,1,0,1
6.473891,16,6,0,1,0,1
6.774224,13,11,0,1,0,1
6.306275,17,2,0,1,0,1
6.39693,7,15,0,1,0,1
7.716015,15,13,0,1,0,1
7.273787,12,13,0,1,0,1
5.768321,12,16,1,1,0,1
7.140453,18,9,0,1,0,1
6.39693,12,6,0,1,0,1
5.703783,11,9,1,1,0,1
6.287858,16,2,0,1,0,1
6.612041,12,15,0,0,0,1
6.74052,12,15,0,1,0,1
6.700731,16,7,0,1,0,1
6.907755,12,10,0,1,0,1
6.329721,16,4,0,1,0,1
5.652489,18,2,0,1,0,1
6.079933,16,5,0,1,0,1
5.783825,13,6,0,1,0,1
6.363028,16,6,0,1,0,1
6.376727,16,4,1,1,0,1
6.685861,18,5,0,1,0,1
5.743003,14,5,0,1,0,1
5.521461,12,11,1,1,0,1
6.214608,15,6,1,1,0,1
6.620073,12,15,1,1,0,1
5.83773,13,12,0,1,1,1
5.521461,15,7,0,1,0,1
6.55108,16,2,0,1,0,1
5.991465,12,7,0,1,0,1
6.318968,17,4,0,1,0,1
6.549651,15,7,0,1,0,1
7.561642,14,4,0,1,0,1
7.103322,18,8,0,1,0,1
6.421622,16,7,0,1,0,1
6.613384,14,5,0,1,0,1
6.126869,16,2,0,1,0,1
6.472346,18,1,0,1,0,1
6.613384,12,7,0,1,0,1
6.703188,16,3,0,1,1,1
6.76273,16,9,0,1,0,1
6.295266,12,10,0,1,0,1
5.899898,13,8,0,1,0,1
6.033086,10,8,0,1,0,1
6.487684,16,5,0,1,0,1
6.270988,15,5,0,1,0,1
6.746412,17,6,0,1,0,1
6.496775,12,7,0,1,0,1
6.270988,16,2,0,1,0,1
6.790097,18,4,0,1,0,1
6.76273,17,5,0,1,1,1
5.442418,18,2,0,1,1,1
6.687109,12,14,0,0,1,1
6.278522,13,8,0,1,0,1
6.652863,15,4,1,1,0,1
6.165418,14,4,1,1,0,1
6.76273,16,11,0,1,0,1
6.921658,16,6,0,0,0,1
6.463029,18,8,0,1,0,1
5.808143,16,2,0,1,0,1
6.320768,11,17,1,1,0,1
6.269096,18,2,0,1,0,1
6.453625,12,8,0,1,0,1
6.214608,11,10,1,1,1,1
7.05099,16,12,1,1,0,1
6.751101,18,2,0,1,0,1
6.1717,12,10,0,0,0,1
6.705639,18,1,0,1,1,1
6.539586,18,5,0,1,0,1
6.896694,16,11,0,0,0,1
6.102559,16,9,0,1,1,1
6.909753,18,10,0,1,0,1
7.123673,18,10,0,1,0,1
6.82546,14,12,0,0,0,1
6.347389,12,10,0,1,0,1
6.263398,12,13,0,1,0,1
7.05099,12,10,0,1,0,1
6.173786,12,6,1,1,0,1
6.732211,11,7,0,1,0,1
7.245655,14,13,0,1,0,1
5.991465,13,8,1,1,0,1
6.565265,12,15,0,1,0,1
6.453625,14,4,0,1,0,1
5.961005,13,7,0,1,0,1
6.533789,12,8,0,1,0,1
6.44572,12,16,0,1,0,1
6.950815,15,13,0,1,0,1
6.357842,12,6,0,1,0,1
6.214608,12,7,0,1,0,1
6.660575,12,16,0,0,0,1
6.357842,13,7,0,1,0,1
6.263398,13,6,0,1,0,1
5.953243,17,5,0,1,0,1
6.437752,12,11,0,1,0,1
6.437752,16,6,0,1,0,1
6.163315,13,7,0,1,0,1
6.490724,14,5,0,1,0,1
6.052089,16,2,0,1,0,1
6.261492,14,5,0,1,0,1
6.437752,12,8,0,1,0,0
6.917706,16,9,0,1,0,0
6.398595,12,8,0,1,0,0
6.694562,12,9,0,1,0,0
6.05444,12,10,0,1,0,0
6.966024,12,12,0,1,0,0
6.025866,12,8,0,1,0,0
6.198479,12,12,0,1,0,0
5.783825,12,9,0,1,0,0
5.616771,12,10,0,1,0,0
5.673323,12,7,0,1,0,0
6.594413,18,7,0,1,1,0
6.190315,14,6,0,1,1,0
5.820083,14,4,0,1,0,0
6.586172,12,9,0,1,0,0
6.086775,13,6,0,0,0,0
6.463029,16,5,0,0,0,0
5.926926,12,10,0,1,0,0
6.175867,12,7,0,1,0,0
6.829794,14,9,0,1,0,0
6.242223,12,8,0,1,0,0
6.97073,12,15,0,1,0,0
6.458338,12,10,0,1,0,0
6.605298,12,14,0,1,0,0
6.200509,12,8,0,1,0,0
6.476973,10,8,0,1,1,0
5.7301,7,18,0,1,0,0
6.444131,16,8,0,1,0,0
6.013715,13,9,0,0,0,0
6.39693,18,9,0,1,0,0
6.613384,12,10,0,0,0,0
6.437752,17,8,0,1,0,0
6.308098,12,11,0,0,0,0
5.786897,15,3,0,0,0,0
5.552959,9,11,0,0,0,0
6.774224,12,8,0,1,0,1
6.459905,12,7,0,0,0,1
6.50279,11,16,0,0,0,1
6.222576,14,9,0,1,1,1
5.746203,17,2,0,1,1,1
6.917706,18,3,0,1,1,1
6.907755,10,17,0,0,0,1
6.580639,16,6,0,0,0,1
6.665684,12,9,0,0,0,1
6.302619,12,16,0,0,0,1
6.719013,12,7,0,0,0,1
5.068904,12,7,0,0,0,1
6.55108,10,11,0,0,0,1
6.580639,13,9,0,0,0,1
5.717028,12,6,0,0,0,1
6.315358,16,3,0,1,0,1
6.295266,14,6,0,1,1,1
6.232448,16,2,0,0,0,1
5.953243,16,2,0,0,0,1
7.273787,12,14,0,1,0,0
6.778785,16,10,0,1,0,0
6.907755,13,5,0,1,0,0
6.760415,12,10,0,0,0,0
6.60665,12,9,0,0,0,0
6.790097,12,16,0,0,0,0
6.126869,15,8,0,1,0,0
6.109248,12,16,0,1,0,1
6.55108,12,16,0,1,0,1
6.612041,14,13,0,1,0,1
6.790097,16,10,0,1,0,1
6.539586,18,8,0,1,0,1
6.403574,18,9,0,0,0,1
6.437752,18,6,0,1,0,1
6.614726,14,13,0,1,0,1
6.58755,18,9,0,1,0,1
6.327937,12,12,0,1,0,1
6.049734,12,8,0,0,0,1
5.991465,12,8,0,0,0,1
5.521461,14,6,0,1,0,1
6.470799,13,7,0,1,0,1
6.393591,12,6,0,1,0,1
6.907755,12,9,0,1,0,1
6.269096,12,10,0,0,0,1
6.175867,12,8,0,0,0,1
6.745236,12,15,0,0,0,1
6.226537,14,10,0,0,0,1
6.238325,12,11,0,1,0,1
5.393628,11,9,0,1,0,1
5.036952,16,2,0,1,0,1
5.480639,12,13,0,1,0,1
6.322565,12,10,0,1,0,1
6.214608,15,6,0,1,0,1
5.918894,16,4,0,1,0,1
5.857933,10,9,0,0,0,1
6.369901,12,8,0,0,0,1
6.244167,13,7,0,0,0,1
5.966147,12,11,0,0,0,0
5.634789,16,3,0,0,0,0
6.536692,12,15,0,0,0,0
5.703783,12,8,0,0,0,0
6.453625,17,4,0,0,0,0
5.834811,13,7,0,0,0,0
6.224558,16,4,0,0,0,0
5.874931,13,5,0,0,0,0
5.568345,12,15,0,0,0,0
5.991465,10,16,0,0,0,0
6.60665,13,10,0,0,0,0
5.834811,12,16,0,0,0,0
5.620401,15,8,0,0,0,0
6.056784,9,9,0,0,0,0
5.476463,12,7,0,0,0,0
5.953243,13,5,0,0,0,0
5.857933,12,11,0,0,0,0
6.395262,12,11,0,0,0,0
6.620073,15,10,0,1,0,0
6.539586,16,11,0,0,0,0
4.990433,12,16,0,0,0,0
5.634789,12,8,0,1,0,1
6.645091,18,8,0,1,0,1
6.917706,13,13,0,1,0,1
6.248043,14,6,0,0,0,1
5.991465,16,4,0,0,0,1
5.926926,12,7,0,0,0,1
6.390241,12,13,0,0,0,1
5.857933,7,18,0,0,0,1
6.033086,11,16,0,0,0,1
5.823046,16,7,0,0,0,1
6.175867,18,2,0,0,0,1
6.214608,12,10,0,0,0,1
5.720312,12,9,0,0,0,1
6.109248,10,18,0,0,0,1
6.645091,16,7,0,1,0,1
6.580639,16,4,0,1,0,1
6.907755,13,10,0,1,0,1
6.437752,14,10,0,1,0,1
6.705639,16,4,0,1,0,1
5.932245,12,16,0,1,0,1
6.562444,12,15,0,1,0,1
6.018593,14,4,0,1,0,1
7.199678,13,13,0,1,0,1
6.57368,12,16,0,0,0,1
5.257495,10,16,1,1,0,1
6.680855,16,10,1,1,0,1
6.828712,16,12,1,1,0,1
5.480639,15,5,1,1,0,1
6.437752,13,6,0,1,0,1
6.932448,8,10,0,1,0,1
6.22059,12,10,1,0,1,1
6.135565,16,6,0,1,0,1
6.165418,16,3,0,0,0,1
6.214608,15,5,0,1,1,1
6.907755,12,16,0,0,0,1
6.496775,13,15,0,0,0,1
6.561031,15,13,0,1,0,1
6.833032,16,9,0,1,1,1
5.703783,12,6,0,0,0,1
5.899898,15,6,0,1,0,1
6.46925,12,12,0,1,0,1
6.135565,18,1,0,0,0,1
6.933423,18,9,0,1,0,1
6.263398,12,6,0,1,0,1
5.926926,18,5,0,1,0,1
7.338238,18,10,0,1,0,1
6.827629,18,9,0,1,0,1
6.342122,13,7,0,1,0,1
6.39693,14,5,0,1,0,1
6.580639,15,6,0,1,0,1
7.017506,17,1,0,1,0,1
6.568078,14,7,0,1,0,1
6.694562,16,7,0,1,0,1
6.829794,11,10,0,1,0,1
6.309918,9,10,0,1,0,1
5.602119,12,8,0,1,0,1
6.725034,7,19,0,1,0,1
7.090077,12,12,0,1,0,1
6.364751,14,13,0,1,0,1
6.530878,17,11,1,1,0,1
6.907755,18,8,1,1,0,1
6.285998,13,5,1,1,0,1
6.536692,12,10,1,1,0,1
6.214608,12,10,0,1,0,1
6.620073,13,14,0,1,0,1
6.816736,17,6,0,1,1,1
6.39693,15,3,0,1,0,1
6.357842,16,2,0,1,0,1
6.398595,12,8,0,1,0,1
6.357842,12,13,0,1,0,1
6.517671,12,14,0,1,0,1
6.159095,18,3,1,1,0,1
5.857933,14,4,0,1,0,1
6.429719,15,11,0,1,0,1
5.934894,16,2,0,1,0,1
5.493062,16,3,0,1,0,1
6.620073,12,8,0,1,0,1
6.089045,18,6,0,0,0,1
6.533789,14,9,0,1,0,1
6.216606,18,1,0,0,0,1
5.991465,12,11,0,1,0,1
6.888573,12,8,0,1,0,1
6.475433,14,10,0,1,1,1
6.437752,12,14,0,1,0,1
6.561031,16,6,1,1,0,1
6.949856,12,11,0,1,0,1
6.634634,12,9,0,1,0,1
6.261492,13,6,0,0,0,1
6.35437,13,8,1,1,0,1
6.76273,14,6,1,1,0,1
6.569481,12,10,1,1,0,1
6.511745,16,5,0,1,0,1
6.495265,12,7,0,1,0,1
6.297109,14,9,0,1,0,1
6.263398,13,6,0,1,0,1
6.461468,12,10,0,1,0,1
5.693732,12,8,0,1,0,1
6.853299,8,19,1,1,0,1
6.214608,12,16,1,1,0,1
6.429719,13,6,1,1,0,1
5.624018,12,7,1,1,0,1
5.480639,10,10,0,0,1,1
5.480639,10,9,0,0,1,1
6.135565,12,15,0,1,0,1
6.001415,12,9,1,1,0,1
6.109248,12,7,1,1,0,1
5.521461,12,6,1,1,0,1
6.588926,11,9,1,1,0,1
6.50279,12,6,1,1,0,1
6.869014,12,10,1,1,0,1
6.620073,14,7,0,1,0,1
6.50279,14,5,0,1,0,1
6.539586,17,11,0,0,0,1
6.142037,12,7,1,1,0,1
6.463029,12,12,1,1,0,1
6.565265,11,12,1,1,0,1
6.052089,13,6,1,1,0,1
6.725034,12,9,0,1,0,1
5.7301,12,8,0,1,0,1
6.437752,16,7,0,1,0,1
7.273787,16,10,0,1,0,1
6.511745,16,3,0,1,0,1
7.204893,17,5,0,1,0,1
5.991465,17,10,0,1,0,1
6.249975,9,19,0,0,0,1
6.122493,14,6,0,1,0,1
6.013715,17,10,0,1,1,1
6.326149,18,10,0,1,0,1
5.438079,12,6,1,1,0,1
6.933423,17,4,0,1,0,1
6.986567,12,9,0,1,0,1
7.091742,14,4,0,1,0,1
5.796058,17,2,0,0,0,1
6.175867,18,3,0,1,0,1
6.511745,18,0,0,1,1,1
7.428333,17,8,0,1,0,1
7.156177,16,12,0,1,0,1
6.357842,12,6,0,1,0,1
6.095825,18,3,0,1,0,1
6.175867,16,6,1,1,0,1
6.146329,12,6,1,1,0,1
6.504288,6,19,0,1,0,1
5.655992,15,6,0,1,0,1
6.357842,18,9,0,1,0,1
6.580639,14,9,0,1,0,1
6.135565,12,7,0,1,0,1
6.620073,15,4,0,1,0,1
5.298317,12,6,0,1,0,1
6.476973,12,9,0,1,0,1
6.175867,18,4,0,1,0,1
6.39693,11,7,0,1,0,1
6.645091,16,6,0,1,1,1
6.652863,17,4,0,1,0,1
6.463029,16,2,0,1,0,1
6.961296,14,13,0,1,0,1
6.516193,16,9,0,1,0,1
6.53814,12,10,0,1,0,1
6.869014,17,7,0,1,0,1
5.991465,13,9,0,1,0,1
6.511745,16,5,0,1,0,1
7.273787,18,10,1,1,0,1
6.270988,18,8,0,1,0,1
6.55108,14,7,1,1,0,1
6.514713,8,20,1,1,0,1
6.202536,18,1,0,1,0,1
6.214608,12,6,0,1,0,1
6.109248,16,2,1,1,0,1
6.398595,13,6,1,1,0,1
6.575076,13,9,1,1,0,1
6.35437,12,11,1,1,0,1
5.857933,12,7,1,1,0,1
5.857933,12,6,1,1,0,1
6.466145,16,7,0,1,0,1
6.514713,15,3,0,1,0,1
6.520621,15,7,0,1,0,1
6.280396,12,9,0,1,0,1
6.261492,16,9,0,1,0,1
6.50279,16,6,0,1,1,1
5.913503,14,6,0,1,0,1
6.489205,15,5,0,1,0,1
6.55108,12,16,1,1,0,1
5.739793,18,3,0,1,0,1
6.734591,9,18,0,1,0,1
6.49224,14,11,0,1,0,1
6.539586,16,9,0,1,0,1
6.357842,15,7,0,1,0,1
6.558198,17,3,0,1,0,1
5.676754,16,5,0,1,1,1
6.620073,13,7,0,1,0,1
7.273787,16,12,0,1,0,1
7.091742,16,11,0,1,0,1
7.379632,15,12,0,1,1,1
6.645091,14,12,0,1,1,1
6.240276,16,9,0,1,0,1
6.690842,12,13,0,1,0,1
6.869014,17,11,0,1,0,1
6.514713,12,7,0,1,0,1
5.986452,13,5,0,1,0,1
6.751101,14,13,0,1,0,1
6.54103,11,8,1,1,0,1
6.463029,11,7,1,1,0,1
5.843544,13,8,1,1,0,1
6.329721,12,9,1,1,0,1
6.527958,12,6,1,1,0,1
6.150603,16,7,0,1,1,1
5.703783,16,4,0,1,0,1
6.511745,18,1,0,1,0,1
5.953243,16,2,0,1,0,1
6.694562,16,11,0,1,0,1
6.306275,17,1,0,1,0,1
6.214608,16,4,0,1,0,1
6.588926,13,10,0,1,0,1
6.261492,16,6,0,1,0,1
6.109248,15,3,1,1,0,1
6.626718,12,10,1,1,0,1
6.461468,12,6,1,1,0,1
5.746203,12,6,1,1,0,1
7.261927,12,11,0,1,0,1
6.634634,12,10,0,1,0,1
6.39693,12,8,0,1,0,1
7.013016,16,10,0,1,0,1
6.637258,16,11,0,1,0,1
6.476973,12,14,0,1,0,1
7.051856,14,7,0,1,0,1
6.39693,12,6,0,1,0,1
6.318968,12,11,0,1,0,1
6.297109,11,11,0,1,0,1
6.309918,11,8,0,1,0,1
6.684612,11,14,0,1,0,1
6.907755,11,9,0,1,0,1
6.761573,12,13,0,1,0,1
6.418365,13,13,0,1,0,1
6.251904,16,2,0,1,0,1
6.561031,13,11,1,1,0,1
6.706862,13,7,1,1,0,1
5.703783,10,9,1,1,0,1
6.553934,16,8,0,1,0,1
7.186901,16,12,0,1,0,1
5.940171,12,9,1,1,0,1
5.991465,11,9,1,1,0,1
6.2106,11,8,1,1,0,1
6.496775,10,17,1,1,0,1
6.39693,10,17,1,1,0,1
6.94119,18,8,0,0,1,1
6.98379,14,5,0,1,0,1
5.991465,18,0,0,1,1,1
6.463029,16,11,0,1,0,1
6.429719,12,14,0,1,0,1
6.175867,17,7,0,1,0,1
6.964136,16,11,0,1,0,1
6.300786,12,8,0,1,0,1
6.666957,14,6,0,1,0,1
6.184149,18,1,0,1,0,1
6.582025,14,14,0,1,0,1
6.543912,15,7,0,1,0,1
6.308098,15,13,0,1,0,1
6.675823,15,11,0,1,0,1
7.561642,16,11,0,1,1,1
6.675823,15,12,0,1,0,1
6.802395,15,7,0,1,0,1
6.483108,14,12,0,1,0,1
6.240276,12,9,0,1,0,1
5.950643,14,9,0,1,0,1
6.214608,16,5,0,0,1,1
6.398595,15,4,0,1,0,1
6.082219,12,9,0,1,0,1
6.214608,12,7,0,1,0,1
7.142036,18,9,0,1,0,1
6.616065,14,6,0,1,1,1
6.240276,14,7,0,1,0,1
6.55108,12,15,0,1,1,1
6.510258,16,7,0,1,0,1
6.890609,17,7,0,1,0,1
5.393628,13,10,0,0,0,1
7.091742,18,9,0,1,0,1
6.50279,12,12,0,0,0,1
6.731018,14,8,1,1,0,1
6.095825,15,4,0,1,0,1
6.297109,12,7,0,1,0,1
6.224558,14,10,0,1,1,1
6.680855,12,13,0,0,0,1
5.877736,9,9,0,1,0,1
6.214608,12,9,0,1,0,1
6.869014,12,16,0,1,0,1
5.857933,11,11,0,1,0,1
5.746203,15,3,0,1,0,1
4.762174,16,2,0,1,1,1
6.58755,12,15,0,1,0,1
6.284134,13,14,1,1,0,1
6.276643,13,7,1,1,1,1
6.059123,17,5,1,1,1,1
6.997596,16,12,0,1,0,1
7.562681,12,15,0,1,0,1
6.745236,18,8,0,1,1,1
5.899898,12,6,0,1,0,1
6.161207,16,4,0,1,0,1
6.486161,13,7,0,1,0,1
6.086775,12,7,0,1,0,1
6.135565,14,5,0,1,0,1
6.511745,16,6,0,1,0,0
7.047517,12,6,0,1,0,0
6.684612,12,13,0,1,0,0
6.131227,12,7,0,1,0,0
5.811141,12,8,0,1,0,0
6.553934,13,7,0,1,0,0
6.261492,12,7,0,1,0,0
6.50279,7,20,0,0,0,1
6.463029,18,2,0,1,0,1
6.684612,12,6,0,1,0,1
6.357842,12,14,0,1,0,1
6.047372,18,8,0,0,0,1
6.77308,18,5,0,1,0,1
6.461468,15,7,0,1,0,1
7.003974,16,7,0,1,1,0
6.475433,16,4,0,1,0,0
6.109248,12,8,0,1,1,0
6.828712,12,15,0,1,0,0
6.548219,11,10,0,1,0,0
6.224558,15,13,1,1,0,0
6.320768,16,6,0,1,1,0
5.926926,17,2,0,0,0,0
6.511745,15,7,0,1,1,0
5.7301,13,11,0,1,0,0
6.371612,12,16,0,1,0,0
6.660575,12,6,0,1,0,0
6.486161,12,9,0,1,0,1
6.047372,12,10,0,1,0,1
7.156177,16,6,0,1,0,1
6.869014,12,7,0,1,0,1
6.684612,12,12,0,1,0,1
6.620073,12,15,0,1,0,1
6.472346,18,5,0,1,0,1
6.84375,12,11,0,1,0,1
6.285998,17,5,0,1,0,1
5.669881,15,3,0,1,0,1
5.257495,12,11,0,0,1,1
6.706862,18,6,0,1,0,1
6.700731,18,6,0,1,0,1
6.588926,12,11,0,1,0,1
7.025538,12,6,0,1,0,1
6.421622,17,5,1,1,0,1
5.998937,12,8,1,1,0,1
6.558198,11,9,0,1,0,1
5.820083,15,6,0,1,0,1
6.725034,17,5,0,1,0,1
5.257495,17,3,0,1,0,1
6.593045,12,8,0,1,0,1
6.295266,10,10,0,1,0,1
6.712956,12,10,0,0,0,1
6.082219,12,8,0,1,1,1
6.599871,14,4,0,1,1,1
6.056784,16,2,0,1,0,1
5.828946,12,12,0,0,0,1
6.175867,13,15,0,1,1,1
6.705639,16,10,0,1,0,1
6.214608,12,10,0,0,0,1
6.297109,12,7,1,1,0,1
6.102559,16,4,0,1,0,1
5.379897,15,4,0,0,0,1
5.616771,8,12,0,1,0,1
5.863631,15,3,1,1,0,1
6.580639,12,11,0,0,0,1
6.915723,12,9,0,0,0,1
6.483108,17,6,0,1,0,1
6.688354,16,4,0,1,0,1
6.345636,12,9,0,1,0,1
6.39693,16,3,0,1,0,1
6.46925,12,6,0,1,0,1
6.109248,13,7,0,1,0,1
6.098074,13,7,0,1,1,1
6.380123,15,8,0,0,0,1
6.580639,14,5,0,1,0,1
6.54103,12,14,0,1,0,1
6.270988,13,7,0,1,1,1
6.152733,9,15,0,1,0,1
6.175867,16,4,0,1,0,1
6.135565,16,3,0,1,0,1
6.317165,17,10,0,1,0,1
6.76273,14,12,0,1,0,1
6.569481,16,8,0,0,0,1
6.60665,12,6,0,0,0,1
6.705639,14,8,0,1,0,1
6.517671,12,16,0,1,0,1
6.680855,16,7,0,1,0,1
6.645091,13,5,0,1,0,1
6.135565,16,3,0,1,0,1
6.251904,14,4,0,1,0,1
5.97381,12,7,0,0,0,1
6.684612,13,13,0,1,1,1
6.511745,17,4,0,1,0,0
6.175867,16,11,0,0,0,0
6.814543,12,14,0,0,0,0
6.175867,12,7,0,0,0,0
6.214608,11,16,0,0,0,0
5.953243,16,2,0,0,0,0
6.077642,12,6,0,1,0,0
6.265301,12,7,0,0,0,0
6.816736,14,9,0,0,0,0
6.295266,16,3,0,0,0,0
6.645091,13,9,0,0,0,0
5.420535,12,6,0,0,0,0
6.566672,18,3,0,0,0,0
5.846439,18,10,0,0,0,0
6.668228,12,14,0,0,0,0
6.120297,14,6,0,1,0,0
6.131227,16,2,0,1,0,0
5.624018,13,7,0,0,0,0
6.694562,17,11,0,1,0,0
6.436151,14,7,0,0,0,0
6.546785,12,8,0,1,0,0
5.934894,14,6,0,0,0,0
6.159095,12,6,0,0,0,0
6.052089,12,6,0,0,0,0
6.475433,16,2,0,0,0,0
6.196444,15,4,0,1,0,0
6.828712,18,2,0,0,0,0
5.857933,12,6,0,0,0,0
6.39693,13,6,0,0,0,0
6.061457,9,16,0,0,0,0
6.214608,12,8,0,0,0,0
6.214608,9,9,0,0,0,0
5.857933,8,20,0,0,0,0
5.913503,14,7,0,0,0,0
5.940171,16,2,0,0,0,0
5.521461,14,5,0,0,0,0
6.226537,18,6,0,1,0,0
6.428105,12,9,0,1,0,0
5.9428,16,2,0,0,0,0
5.888878,12,12,0,0,0,0
6.376727,12,10,0,1,0,0
5.857933,12,6,0,1,0,0
6.182085,12,14,0,1,0,0
6.727432,11,17,0,0,0,0
6.282267,10,13,0,1,0,0
5.953243,17,5,0,0,0,1
6.109248,11,8,0,0,0,1
6.196444,16,6,0,0,0,1
6.817831,12,6,0,0,0,1
6.72263,18,8,0,1,0,1
6.073044,12,12,0,0,0,1
6.55108,12,8,0,0,0,1
6.295266,10,10,0,0,0,1
5.442418,16,2,0,0,0,1
5.978886,12,16,0,0,0,0
6.580639,12,7,0,1,0,0
7.079185,12,7,0,0,0,0
6.216606,12,7,0,1,0,0
5.817111,16,2,0,1,0,1
6.336826,12,14,0,0,0,1
6.871091,17,11,0,0,1,0
7.225482,12,15,0,1,0,0
6.684612,12,10,0,1,0,0
6.411819,12,12,0,1,0,0
6.507277,16,3,0,1,0,0
6.098074,11,8,0,1,0,0
6.184149,13,6,0,1,0,0
6.565265,18,8,0,0,0,0
6.859615,12,14,0,0,0,0
6.173786,11,8,0,0,0,0
6.214608,13,8,0,1,0,0
6.124683,16,4,0,1,1,0
6.580639,18,0,0,0,0,1
6.597146,12,6,0,0,0,1
5.799093,12,15,0,0,0,1
6.016157,12,9,0,0,0,1
6.186209,12,9,0,0,0,1
6.869014,18,7,0,1,1,1
5.883322,16,2,0,0,0,1
5.799093,12,6,0,0,0,0
6.437752,12,10,0,0,0,0
6.204558,12,8,0,0,0,0
6.481577,12,11,0,0,0,0
6.582025,12,9,0,0,0,0
6.556778,12,7,0,0,0,0
6.242223,9,14,0,0,0,0
6.437752,12,13,0,1,0,0
6.43294,18,5,0,0,0,0
6.056784,15,5,0,1,0,0
6.481577,12,11,0,0,0,0
6.466145,12,12,0,0,0,0
6.35437,12,16,0,1,0,0
5.746203,13,15,0,0,1,0
6.498282,18,0,0,0,0,0
6.318968,13,13,0,0,0,0
5.703783,18,0,0,1,0,0
6.464588,15,7,0,0,0,0
6.50279,14,8,0,1,0,0
7.185387,18,4,0,1,0,0
6.222576,12,6,0,1,0,0
6.660575,16,3,0,1,0,0
6.705639,14,5,0,1,0,0
6.253829,12,10,0,0,0,0
6.357842,12,9,0,0,0,0
5.926926,11,8,0,0,0,0
6.214608,12,6,0,0,0,0
6.437752,16,6,0,1,0,0
6.527958,16,12,0,0,0,0
6.152733,14,6,0,0,0,0
6.44254,13,8,0,0,0,0
6.263398,13,5,0,0,0,0
6.317165,12,14,0,0,0,0
6.463029,16,3,0,1,0,1
6.240276,13,15,0,1,0,1
6.403574,12,9,0,1,0,1
6.55108,13,14,0,1,0,1
6.40688,12,15,0,1,0,1
6.928538,12,15,0,1,0,1
6.570883,12,13,0,1,0,1
6.214608,12,10,0,1,0,1
6.368187,12,10,0,1,0,1
6.559615,12,13,0,1,0,1
6.253829,16,8,0,0,0,1
6.486161,16,7,0,1,0,1
6.527958,16,6,0,1,0,1
5.620401,13,6,0,1,0,1
6.561031,13,15,1,1,0,1
6.669498,12,16,0,1,0,1
7.184629,18,7,0,1,0,1
6.001415,14,8,0,1,0,1
5.703783,16,3,0,1,0,1
6.511745,12,8,0,1,0,1
6.582025,12,16,0,1,0,1
6.645091,16,4,0,0,0,1
6.633318,16,8,0,0,0,1
6.073044,18,6,0,0,0,1
7.083388,13,15,0,0,0,1
6.135565,17,8,0,0,0,1
5.913503,12,6,0,0,0,1
6.163315,12,12,0,0,0,1
6.075346,12,10,0,0,0,1
5.805135,12,8,0,0,0,1
6.461468,16,9,0,1,0,1
6.224558,12,16,0,0,0,1
6.437752,16,7,0,0,0,1
6.135565,12,13,0,0,0,1
6.705639,17,4,0,1,1,1
6.070738,17,1,0,1,0,1
6.463029,14,5,0,1,0,1
5.416101,15,4,0,0,0,1
6.580639,15,13,1,1,0,1
6.582025,16,4,0,1,0,1
6.705639,16,7,0,1,0,1
6.498282,16,5,0,1,0,1
6.799056,18,4,0,1,0,1
6.675823,11,17,0,1,0,1
6.289716,15,10,0,1,0,1
6.799056,11,10,0,1,0,1
6.580639,15,9,0,1,0,1
6.829794,13,5,0,1,0,1
6.230482,12,10,0,1,0,1
6.834109,16,10,0,1,0,1
6.558198,17,10,0,1,0,1
6.76273,12,12,0,1,0,1
6.253829,16,2,0,1,0,1
6.033086,12,6,0,1,0,1
5.583496,15,5,0,1,0,1
6.437752,15,3,0,1,0,1
6.84588,12,13,0,1,0,1
6.641182,16,3,0,1,0,1
6.685861,9,14,0,1,0,1
6.561031,15,7,0,1,0,1
6.527958,12,12,0,1,0,1
6.033086,16,4,0,1,0,1
6.39693,18,5,0,1,0,1
6.52503,15,4,0,1,0,1
6.822197,18,7,0,0,0,1
6.603944,12,14,0,1,0,1
7.062191,12,10,0,1,0,1
6.639876,11,12,0,1,0,1
6.869014,12,8,0,1,0,1
5.703783,18,3,0,1,0,1
6.489205,16,2,0,1,0,1
6.135565,12,8,0,1,0,1
6.580639,12,6,0,1,0,1
6.76273,12,7,0,1,0,1
6.390241,11,7,0,1,0,1
6.812345,12,14,0,1,0,1
6.955593,12,11,0,1,0,1
6.120297,13,15,0,1,1,1
6.514713,12,9,1,0,1,1
6.580639,12,6,1,1,0,1
6.39693,7,20,1,1,0,1
6.829794,12,10,1,1,0,1
6.620073,12,10,0,1,0,1
6.33328,12,10,0,1,0,1
6.437752,14,6,0,1,0,1
5.703783,10,13,0,0,0,1
7.229839,12,9,0,0,0,1
6.152733,14,5,0,1,0,1
6.669498,12,10,0,1,0,1
5.438079,16,3,0,1,0,1
5.963579,10,11,0,0,0,0
5.752573,12,15,0,1,0,0
5.872118,17,6,0,1,0,0
6.214608,8,12,0,1,0,0
6.476973,11,16,0,0,0,0
6.703188,12,9,0,1,0,0
6.475433,13,7,0,0,0,0
6.075346,12,11,0,1,0,0
6.39693,11,10,0,0,0,0
5.327876,13,7,0,1,1,0
6.175867,12,9,0,1,1,0
6.184149,13,5,0,1,1,0
6.632002,18,5,0,1,0,0
6.902743,12,8,0,1,0,0
7.062191,12,11,0,1,0,1
5.749393,16,3,0,1,0,1
6.818924,13,6,0,1,0,1
6.498282,13,7,0,1,0,1
6.663133,12,11,0,1,0,1
6.476973,13,13,0,1,0,1
5.587249,9,12,0,1,1,1
5.872118,8,19,0,0,0,1
6.086775,8,19,0,0,0,1
6.163315,11,13,0,1,0,1
6.58755,11,15,0,1,0,1
6.580639,16,6,0,1,0,1
6.33328,12,16,0,1,0,1
6.39693,12,8,0,1,0,1
6.539586,15,4,0,1,0,1
6.047372,15,7,0,1,0,1
6.666957,12,6,0,1,0,1
7.091742,12,13,0,1,0,1
6.357842,16,12,0,1,0,1
6.453625,18,3,0,0,0,1
6.016157,12,9,0,1,0,1
5.913503,16,2,0,1,0,1
6.670766,16,4,0,1,0,1
6.109248,17,1,0,1,0,1
7.131699,12,10,0,1,0,1
6.694562,16,8,0,1,0,1
5.7301,16,8,0,1,0,1
6.705639,12,12,0,0,0,1
6.511745,16,8,0,1,0,1
6.261492,12,11,0,0,0,1
5.616771,15,9,0,0,0,1
6.047372,17,5,0,0,0,1
6.463029,16,6,0,1,0,1
6.109248,12,10,0,0,0,1
5.808143,12,8,0,0,0,1
6.816736,12,14,0,0,0,1
4.85203,11,10,0,0,0,1
5.981414,16,5,0,0,0,1
6.163315,13,9,0,1,0,1
6.109248,13,12,0,0,0,1
5.703783,16,2,0,0,0,1
6.135565,18,5,0,1,0,1
6.44572,12,14,0,0,0,1
6.184149,12,15,0,0,0,1
6.308098,12,12,0,0,0,1
5.918894,12,7,0,0,0,1
6.463029,12,16,0,0,0,1
6.251904,12,11,0,1,0,1
5.953243,9,11,0,0,0,1
6.109248,16,7,0,1,1,1
5.752573,12,8,0,0,0,0
6.594413,14,9,0,0,0,0
5.783825,12,14,0,0,0,0
6.423247,16,6,0,1,0,0
5.846439,15,9,0,1,0,0
6.154858,13,9,0,1,0,0
5.703783,12,9,0,0,0,0
6.063785,13,5,0,1,0,1
5.587249,12,10,1,1,0,1
5.438079,12,10,0,1,0,1
6.068426,14,4,0,1,0,1
6.274762,12,8,0,1,0,1
7.003066,12,9,0,1,0,1
6.376727,12,10,1,1,0,1
6.734591,18,6,0,0,0,1
6.463029,15,3,0,1,0,1
6.869014,14,14,0,1,0,1
6.82546,13,14,0,1,0,1
5.857933,15,6,0,0,0,0
5.953243,16,2,0,0,0,0
6.426488,16,11,0,0,0,0
6.152733,13,12,0,1,0,0
6.018593,12,9,0,0,0,0
5.991465,12,7,0,0,0,0
6.55108,11,16,0,1,0,0
5.739793,15,6,0,1,0,0
5.493062,14,4,0,0,1,0
5.513429,12,14,1,1,1,0
6.047372,11,13,1,1,0,0
6.39693,11,16,1,1,0,0
6.55108,17,2,1,1,0,0
5.703783,12,6,0,1,0,0
6.53814,12,6,0,1,0,0
6.39693,12,12,0,1,0,0
6.55108,12,12,0,1,0,0
5.616771,14,5,0,0,0,0
6.514713,9,19,1,1,0,0
6.107023,17,5,0,1,0,0
6.453625,16,8,0,1,0,0
7.130899,14,9,0,0,0,0
6.869014,18,5,0,1,0,0
6.194406,18,1,0,0,0,0
6.37332,12,6,0,0,0,0
6.620073,14,13,0,0,0,0
5.786897,18,2,0,0,0,0
6.063785,18,5,0,1,0,0
6.347389,12,8,0,1,0,0
6.816736,16,6,0,0,0,0
6.357842,14,10,0,0,0,0
6.070738,11,15,0,0,0,0
6.224558,12,6,0,0,0,0
6.580639,18,10,0,0,0,1
6.869014,16,11,0,1,0,1
6.411819,12,13,0,1,0,1
6.109248,12,7,0,0,0,1
6.437752,12,15,0,0,0,0
6.569481,14,6,0,0,0,0
6.565265,12,6,0,0,0,0
6.816736,16,10,0,1,0,0
6.035481,8,10,0,0,0,0
6.539586,13,10,0,0,0,0
5.560682,12,16,0,1,0,0
6.476973,13,7,0,1,0,0
6.413459,14,5,0,1,0,0
6.58755,12,11,0,1,0,0
6.642487,13,13,0,1,0,0
6.429719,12,9,0,0,0,0
6.580639,16,5,0,1,0,0
6.246107,18,2,0,1,0,0
5.991465,12,7,0,0,0,0
6.694562,14,7,0,1,1,0
6.131227,12,6,0,0,0,0
6.464588,17,9,0,0,0,0
6.251904,12,10,0,0,0,0
6.342122,12,6,0,1,0,0
6.54103,16,2,0,0,0,0
6.885509,12,13,0,1,0,0
6.658011,12,14,0,0,0,0
6.09357,14,7,0,1,0,0
6.539586,16,11,0,1,0,0
6.033086,16,4,0,0,0,0
6.650279,11,13,0,1,0,0
5.991465,15,5,0,1,0,0
6.802395,12,9,0,1,0,0
6.55108,16,9,0,0,0,0
6.184149,16,2,0,0,0,0
6.795706,16,7,0,1,0,0
6.620073,18,5,0,1,0,0
6.961296,13,14,0,0,0,0
6.838405,12,10,0,0,0,0
6.342122,12,8,0,0,0,0
6.89467,16,3,0,1,0,0
6.645091,16,2,0,1,0,0
6.473891,12,9,0,0,0,0
6.107023,16,8,0,0,0,0
6.363028,12,9,0,0,0,0
6.309918,8,19,0,0,0,0
6.684612,12,11,0,1,0,0
5.075174,12,6,0,1,0,0
6.135565,17,5,0,1,0,0
6.052089,14,5,0,1,0,0
6.39693,8,18,0,1,0,0
6.763885,17,3,0,1,0,0
6.526495,12,10,0,1,0,0
7.01661,12,9,0,1,0,0
7.003066,12,8,0,1,0,0
5.655992,12,6,0,0,0,0
6.240276,14,8,0,1,0,0
6.476973,13,7,0,1,0,0
6.946014,12,13,0,1,0,0
6.55108,12,8,0,1,0,0
5.752573,18,7,0,1,0,1
5.736572,12,15,0,0,0,1
5.81413,11,10,0,0,0,1
6.249975,11,8,0,0,0,1
6.563856,16,6,0,1,0,1
6.434546,12,7,0,0,0,1
5.697093,13,9,0,0,0,1
6.437752,14,4,0,1,0,1
6.645091,16,7,0,1,0,1
6.12905,16,6,0,1,0,1
6.309918,12,13,0,0,0,1
6.152733,14,9,0,0,0,1
5.981414,12,15,0,0,0,1
6.386879,14,5,0,0,0,1
6.946014,16,6,0,0,0,1
5.991465,12,16,0,1,0,1
6.548219,12,8,0,0,0,1
6.569481,16,4,0,0,1,1
6.309918,12,6,0,0,0,1
5.808143,14,7,0,0,0,1
6.964136,12,11,0,1,0,1
6.380123,11,13,0,1,0,1
6.45047,12,6,0,1,0,1
6.214608,10,10,0,1,0,1
6.669498,14,8,0,1,0,1
6.723833,18,7,0,1,0,1
6.289716,12,8,0,1,0,1
6.357842,18,4,0,1,0,1
6.694562,14,10,0,1,0,1
6.582025,14,10,0,1,0,1
6.39693,12,8,0,1,1,1
6.113682,10,12,0,1,1,1
5.703783,7,14,0,1,1,1
5.97381,12,8,1,1,1,1
5.298317,12,8,1,1,1,1
6.620073,9,18,0,0,1,1
6.511745,16,4,0,0,1,1
6.896694,14,10,0,1,1,1
6.779922,17,4,0,1,1,1
6.807935,13,7,0,0,1,1
5.521461,14,14,1,1,1,1
6.253829,10,12,0,1,1,1
5.874931,12,9,0,1,1,1
5.627621,12,6,0,1,1,1
5.991465,12,7,1,1,1,1
5.609472,10,12,1,1,1,1
6.214608,11,14,0,1,1,1
6.401917,11,16,0,1,1,1
5.991465,12,7,0,1,1,1
6.163315,12,10,1,1,1,1
7.003066,12,15,0,1,1,1
5.820083,14,6,0,1,1,1
6.287858,11,10,0,1,1,1
6.001415,13,7,1,1,1,1
6.629363,16,5,0,1,1,1
6.317165,16,11,0,1,1,1
6.357842,16,7,0,1,1,1
6.068426,15,5,0,1,1,1
6.309918,11,12,0,1,1,1
6.680855,16,2,0,1,1,1
6.109248,14,7,0,1,1,1
6.693324,13,10,0,1,1,1
6.39693,13,5,0,1,1,1
6.838405,13,15,0,1,1,1
6.175867,11,16,0,0,1,1
6.434546,12,11,0,1,1,1
5.793014,10,11,1,1,1,1
6.39693,16,4,0,1,1,1
6.54103,14,7,1,1,1,1
6.827629,15,12,0,1,1,1
6.580639,12,10,0,1,1,1
6.291569,12,7,1,1,1,1
6.12905,13,8,1,1,1,1
6.184149,13,8,1,1,1,1
5.857933,12,7,1,1,1,1
5.298317,16,3,0,1,1,1
6.253829,10,14,1,1,1,1
5.521461,12,7,1,1,1,1
6.222576,11,11,1,1,0,1
5.894403,12,10,1,1,1,1
6.483108,11,16,1,1,1,1
6.052089,12,14,1,1,1,1
5.501258,12,13,1,1,1,1
5.521461,11,8,1,1,1,1
6.778785,13,13,0,1,0,1
6.532334,12,8,1,1,1,1
5.996452,11,15,1,1,1,1
6.059123,12,13,1,1,1,1
5.783825,13,5,0,1,1,1
6.586172,17,4,0,1,1,1
6.659294,12,7,0,1,1,1
5.575949,14,7,1,1,1,1
6.109248,12,14,1,1,1,1
5.846439,14,7,1,1,1,1
5.857933,13,5,1,1,1,1
5.991465,13,5,1,1,1,1
6.887553,12,14,0,1,1,1
5.953243,12,11,1,1,1,1
5.840641,17,5,1,1,0,1
6.33328,16,3,1,1,1,1
6.137727,7,16,0,1,1,1
6.336826,12,10,1,1,1,1
6.458338,12,9,1,1,1,1
6.135565,10,14,1,1,1,1
6.507277,13,8,1,1,1,1
6.001415,13,5,1,1,1,1
5.921578,17,2,1,1,1,1
5.438079,12,6,1,1,1,1
6.324359,12,14,1,1,1,1
5.703783,8,15,1,1,1,1
6.816736,14,9,0,1,1,1
6.324359,18,3,0,1,1,1
6.270988,13,14,0,1,1,1
5.799093,15,5,0,1,1,1
5.926926,9,11,0,1,1,1
6.421622,13,5,0,1,1,1
6.580639,14,7,0,0,1,1
6.270988,16,3,0,1,0,1
6.755769,12,16,1,1,1,1
6.475433,14,7,1,1,1,1
5.47227,10,8,1,1,1,1
5.616771,12,16,1,1,1,1
5.783825,14,6,1,1,1,1
5.877736,14,9,1,1,0,1
5.953243,12,12,1,1,1,1
5.899898,14,4,0,1,1,1
6.684612,8,19,0,1,1,1
6.177944,12,16,0,1,1,1
6.861712,17,6,0,1,1,1
6.135565,17,3,0,1,1,1
6.033086,16,6,0,0,1,1
5.669881,10,9,0,1,1,1
5.480639,12,6,0,1,1,1
6.72022,12,13,1,1,1,1
5.888878,12,14,0,1,1,1
6.393591,16,6,0,0,1,1
6.620073,13,6,0,1,1,1
5.953243,16,3,1,1,1,1
6.429719,16,6,1,1,1,1
6.463029,13,15,0,1,1,1
6.148468,16,4,1,1,1,1
5.953243,13,5,1,1,1,1
6.135565,12,7,1,1,1,1
6.453625,12,9,0,1,1,1
5.991465,12,8,0,0,0,1
6.633318,13,8,0,1,1,1
6.327937,13,8,0,1,1,1
6.907755,12,16,0,1,1,1
6.052089,11,11,0,1,1,1
6.018593,12,12,1,1,1,1
5.187386,11,8,0,1,1,1
5.926926,18,8,0,1,1,1
7.16858,18,4,0,1,1,1
6.165418,15,9,1,1,0,1
6.652863,16,5,0,1,1,1
6.570883,12,9,0,1,1,1
6.061457,10,12,1,1,1,1
6.075346,13,5,1,1,1,1
6.774224,13,7,0,1,1,1
6.049734,14,13,1,1,1,1
5.926926,12,7,1,1,1,1
6.192362,12,7,1,1,1,1
6.135565,15,3,1,1,1,1
5.828946,12,16,1,1,1,1
6.364751,12,12,0,1,1,1
6.244167,12,9,0,1,1,1
6.959399,12,7,0,1,1,1
6.163315,12,12,1,1,1,1
7.314553,18,8,0,1,1,1
6.869014,15,12,0,1,0,1
5.438079,15,9,1,1,1,1
6.620073,18,5,1,1,1,1
5.416101,15,5,1,1,1,1
5.802118,13,7,1,1,1,1
5.983936,11,9,1,1,1,1
6.620073,10,18,0,1,1,1
6.109248,12,7,0,1,1,1
6.76273,13,6,1,1,1,1
6.282267,8,10,0,1,1,1
6.74052,16,5,0,1,0,1
6.632002,16,4,0,1,0,1
6.39693,16,2,0,1,1,1
6.937314,12,16,0,1,1,1
6.775366,14,12,0,1,1,1
6.342122,12,14,0,1,1,1
6.278522,16,3,0,1,1,1
6.175867,12,7,0,1,1,1
6.403574,12,10,1,1,1,1
6.487684,12,9,0,1,1,1
6.437752,12,13,0,1,1,1
5.634789,12,11,1,1,1,1
6.214608,10,12,0,1,1,1
6.282267,12,8,0,1,1,1
6.706862,10,10,0,1,1,1
6.436151,10,18,0,1,1,1
6.403574,10,12,0,1,1,1
6.224558,12,13,0,1,0,1
6.620073,12,12,0,1,0,1
6.580639,12,14,0,1,0,1
6.51323,18,8,0,1,0,1
6.816736,16,11,0,1,1,1
6.778785,17,7,1,1,1,1
6.056784,12,8,1,1,1,1
6.674562,8,10,1,1,1,1
5.78996,14,9,1,1,1,1
5.746203,10,14,1,1,1,1
6.666957,16,12,1,1,0,1
5.820083,18,7,0,1,0,1
5.953243,10,14,1,1,1,1
6.270988,16,5,1,1,1,1
6.061457,10,17,1,0,1,1
6.891626,12,9,0,0,0,1
6.705639,12,16,0,1,1,1
6.613384,14,12,1,1,1,1
5.843544,10,8,1,1,1,1
6.317165,14,14,1,1,1,1
5.572154,13,5,1,1,1,1
6.613384,18,8,1,1,1,1
6.511745,17,6,1,1,1,1
6.580639,17,9,1,1,1,1
6.082219,13,11,1,1,1,1
6.300786,12,8,1,1,1,0
5.521461,14,5,1,1,1,0
6.436151,14,7,1,1,1,0
5.991465,13,10,0,1,1,0
6.357842,16,7,0,1,1,0
6.700731,16,3,1,1,1,0
6.437752,12,16,1,1,1,0
6.184149,14,6,1,1,1,0
6.734591,16,6,0,1,1,0
6.76273,16,5,0,1,1,0
5.783825,16,4,0,1,1,0
6.167517,14,6,1,1,1,0
5.521461,16,3,1,1,1,0
6.214608,12,6,0,1,1,0
6.244167,13,6,0,1,1,0
5.545177,18,4,0,1,1,0
6.576469,13,5,0,1,1,0
6.679599,18,6,0,1,0,0
6.620073,12,7,0,1,1,0
6.037871,12,6,1,1,1,0
6.066108,12,8,1,1,1,0
6.052089,12,7,1,1,0,0
5.393628,12,13,1,1,1,0
6.529419,13,10,1,1,1,0
6.214608,15,13,0,1,1,0
6.311735,16,4,0,1,1,0
6.55108,11,8,0,1,1,0
6.561031,12,14,0,1,1,1
6.259582,17,5,0,1,1,1
6.070738,12,6,0,1,1,1
6.135565,14,5,0,1,1,1
5.983936,12,6,0,1,1,1
5.991465,15,5,0,1,1,1
6.77079,18,4,0,1,0,1
5.934894,12,8,0,1,1,1
5.897154,12,9,0,1,1,1
6.869014,15,10,0,1,1,1
6.685861,15,9,0,1,1,1
5.991465,5,21,0,1,1,1
6.291569,13,10,1,1,1,1
6.109248,10,14,0,1,1,1
6.082219,15,6,1,1,1,1
5.886104,12,8,1,1,1,1
6.270988,12,9,0,1,1,1
6.580639,12,8,1,1,1,1
5.843544,2,23,0,1,1,1
6.958448,11,10,0,1,0,1
6.58755,16,6,0,1,1,1
6.297109,12,15,1,1,0,1
7.091742,16,11,0,1,0,1
5.991465,16,2,0,1,1,1
5.926926,9,17,1,1,1,1
5.638355,11,13,1,1,1,1
4.844187,12,6,1,1,1,1
7.239215,12,14,1,1,0,1
6.475433,12,12,0,0,1,1
6.040255,16,9,0,1,1,1
6.120297,16,5,0,1,1,1
6.493754,12,7,1,1,1,1
5.940171,12,6,0,0,1,1
5.752573,10,18,1,1,1,1
6.113682,14,4,0,1,1,1
6.437752,12,10,0,1,1,1
6.398595,14,4,0,1,1,1
6.212606,13,8,0,1,1,1
6.54103,8,17,0,1,1,0
6.282267,18,8,0,0,1,1
6.142037,7,13,0,1,0,1
5.991465,12,6,0,0,1,1
5.908083,18,3,0,0,1,1
6.55108,8,11,0,0,1,1
6.869014,16,9,0,1,0,1
5.899898,6,12,0,0,1,1
6.163315,9,18,0,0,1,1
5.298317,12,6,0,0,1,1
6.39693,9,9,1,1,0,1
6.224558,12,9,1,1,0,1
6.357842,16,9,1,1,1,1
6.124683,12,6,1,0,1,1
6.620073,12,16,0,1,1,1
6.357842,11,15,0,0,1,1
5.666427,15,3,0,1,1,1
5.411646,12,7,1,1,1,1
5.894403,10,8,1,1,1,1
5.433722,10,10,1,1,1,1
5.455321,9,11,1,1,1,1
6.142037,14,4,1,1,1,1
7.641564,16,5,0,1,1,1
6.056784,15,10,1,1,1,1
6.519147,12,15,0,1,1,1
5.746203,13,8,0,0,1,1
6.398595,18,4,0,1,1,1
6.214608,10,17,0,1,1,1
5.926926,12,10,0,1,1,1
6.309918,12,16,1,1,1,1
6.553934,17,5,1,1,0,1
6.437752,16,11,1,1,1,1
6.047372,14,14,1,1,1,1
5.872118,11,11,1,1,1,1
6.251904,12,8,0,1,1,1
5.883322,14,4,0,1,1,1
5.855072,11,10,1,1,1,1
5.680172,12,13,1,1,1,1
6.09357,18,4,1,1,1,1
5.598422,6,22,1,1,1,1
5.953243,14,8,0,1,1,1
6.082219,12,9,0,1,1,1
6.033086,11,13,0,1,1,1
6.175867,11,14,0,1,1,1
6.390241,16,8,0,1,1,1
6.39693,12,10,1,1,1,1
5.521461,14,7,1,1,1,1
6.274762,12,13,1,1,1,1
6.381816,12,8,1,1,1,1
6.22059,12,15,1,1,0,1
6.163315,11,8,1,1,0,1
7.225482,16,9,0,1,1,1
5.783825,17,1,0,1,0,1
6.357842,14,5,0,1,1,1
6.553934,12,7,0,1,0,1
6.095825,16,3,0,1,1,1
6.327937,13,8,1,1,1,1
6.869014,13,13,0,1,1,1
5.736572,12,8,0,1,1,1
7.145985,17,10,0,1,1,1
6.214608,16,6,0,1,0,1
6.368187,16,8,0,1,0,1
4.718499,17,2,0,1,0,1
6.511745,14,13,0,1,0,1
7.561642,17,6,0,1,1,1
5.991465,14,4,1,1,1,1
6.131227,12,7,1,1,1,1
5.501258,12,12,1,1,1,1
5.752573,16,5,1,1,1,1
6.463029,14,6,0,1,1,1
6.620073,12,7,0,1,1,1
5.7301,17,2,0,1,0,1
5.857933,17,6,0,1,0,1
6.135565,18,3,0,1,0,1
7.05099,15,13,0,1,0,1
7.466228,16,12,0,1,1,1
6.645091,17,10,0,1,0,1
6.593045,15,8,0,1,0,1
6.60123,18,6,0,0,1,1
6.214608,16,3,0,0,1,1
5.899898,16,2,0,0,1,1
5.808143,13,5,0,1,1,1
6.580639,12,15,0,0,1,1
5.926926,12,9,0,0,1,1
5.521461,12,8,0,0,1,1
5.888878,17,7,0,0,1,1
5.645447,7,19,0,0,1,0
6.028278,12,16,0,0,1,0
6.257668,16,5,0,0,1,0
6.559615,12,15,0,0,1,0
6.013715,16,4,0,0,1,0
6.030685,12,6,0,0,1,0
6.666957,12,12,0,1,0,0
6.357842,16,5,0,0,1,0
6.169611,16,2,0,0,1,0
6.437752,17,4,0,1,1,0
6.224558,17,1,0,0,1,0
5.659482,12,14,0,0,1,0
6.214608,12,6,0,1,1,0
6.214608,8,13,0,1,1,0
5.857933,12,9,0,0,1,0
6.135565,13,5,0,0,1,0
6.306275,13,11,1,0,1,0
5.541264,12,10,1,0,1,0
6.261492,13,5,1,1,1,0
5.676754,12,15,1,0,1,0
5.926926,14,8,0,1,1,0
6.270988,18,8,0,1,1,0
6.812345,16,3,0,0,1,0
5.866468,9,13,0,1,1,0
7.051856,14,8,0,1,1,0
5.521461,8,20,0,1,1,0
6.660575,13,9,0,1,1,0
6.030685,13,12,0,1,1,0
5.897154,13,10,1,0,1,1
5.926926,13,8,1,1,1,1
5.926926,15,3,1,0,1,1
5.880533,16,6,1,0,1,1
5.703783,7,18,1,0,1,1
6.269096,14,5,0,0,1,1
5.700444,12,16,0,0,1,1
6.109248,8,18,1,0,1,1
6.291569,14,5,1,0,1,1
6.269096,8,15,0,0,1,1
6.645091,12,12,0,0,1,1
5.288267,12,8,1,1,0,1
5.991465,12,6,1,1,0,1
6.624065,12,10,1,1,0,1
6.098074,12,6,1,1,0,1
5.480639,9,15,1,0,1,1
5.117994,3,16,1,0,1,1
6.098074,12,6,0,1,1,1
5.521461,10,10,1,0,1,1
6.163315,12,8,0,0,1,1
5.991465,16,6,0,0,1,1
5.986452,18,0,0,0,1,1
5.857933,12,7,1,1,0,1
6.259582,12,15,1,0,1,1
5.598422,10,15,1,0,1,1
5.736572,9,15,1,0,1,1
5.703783,6,19,1,0,1,1
5.783825,12,10,1,0,1,1
6.802395,12,6,0,1,1,1
6.620073,13,7,0,1,1,0
5.652489,8,12,1,1,1,0
5.627621,12,6,0,1,1,0
6.214608,13,10,1,1,1,0
6.55108,8,16,0,1,1,0
5.703783,9,11,0,1,1,0
5.971262,8,20,0,1,1,0
6.23637,12,16,0,1,1,0
6.436151,16,9,0,1,1,0
5.497168,12,9,1,1,1,0
5.894403,12,9,0,1,1,0
6.40688,16,5,0,1,1,0
6.633318,12,7,0,1,1,0
5.953243,14,11,0,1,1,0
6.204558,12,14,1,1,1,0
6.719013,16,5,0,1,1,0
6.001415,12,7,0,1,1,0
5.587249,15,6,0,0,1,0
6.086775,12,16,0,0,1,0
5.926926,14,8,0,0,1,0
5.70711,10,8,0,0,1,0
6.489205,12,16,0,0,1,0
6.242223,15,3,1,1,0,0
5.703783,12,8,1,0,1,0
5.438079,12,8,1,0,1,0
5.560682,10,15,1,0,1,0
5.720312,12,6,1,0,1,0
6.063785,8,17,1,0,1,0
5.560682,8,10,1,0,1,0
6.357842,16,2,0,1,1,0
6.052089,11,12,1,0,1,0
5.752573,12,7,1,0,1,0
5.926926,13,10,0,0,1,0
6.214608,9,18,1,0,1,0
6.214608,12,7,0,1,1,0
5.857933,12,14,1,1,1,0
6.263398,10,13,1,1,1,0
6.214608,17,3,0,0,1,0
5.953243,16,3,0,1,1,0
4.60517,9,10,1,1,1,1
5.703783,15,5,1,1,1,1
5.236442,12,6,1,1,1,1
5.872118,8,19,1,1,1,1
5.587249,12,7,1,1,1,1
5.587249,12,10,1,1,1,1
6.37332,12,16,0,1,1,1
5.926926,12,6,1,0,1,1
5.846439,12,13,1,0,1,1
6.300786,16,6,0,1,1,1
6.331502,14,5,0,1,1,1
6.357842,12,8,0,1,0,1
6.791222,15,5,0,1,0,1
6.437752,13,7,0,0,1,1
6.030685,13,7,0,0,1,1
6.526495,6,19,0,0,1,1
6.437752,11,13,1,1,1,0
5.736572,9,12,1,1,1,0
6.498282,12,10,1,1,1,0
5.655992,11,15,0,1,1,0
6.39693,12,8,1,1,1,0
6.609349,16,7,1,1,0,0
5.416101,11,10,1,1,1,0
6.434546,12,16,0,1,1,0
6.401917,12,6,0,1,1,0
6.309918,12,11,0,1,1,0
6.685861,16,5,0,0,1,0
5.799093,14,10,0,1,1,1
6.527958,16,12,0,1,1,1
6.907755,15,8,0,1,0,1
6.99485,16,8,0,1,1,1
6.165418,13,5,1,1,1,1
6.214608,12,6,1,1,1,1
6.856462,14,5,1,1,1,1
7.040536,18,6,1,1,1,1
6.109248,12,14,1,1,1,1
6.104793,12,7,0,1,1,1
5.888878,16,5,0,1,1,1
6.282267,13,5,0,1,1,1
6.423247,17,2,0,1,1,1
6.194406,14,4,0,1,1,1
6.028278,12,8,0,1,1,1
5.521461,13,5,1,1,1,0
6.214608,13,9,0,0,1,0
7.051856,18,4,0,1,1,0
6.263398,12,14,0,0,1,0
5.703783,11,7,0,1,1,0
5.7301,9,11,0,0,1,0
6.437752,8,15,0,0,1,0
5.857933,13,5,0,1,1,0
6.511745,16,8,0,0,1,0
6.324359,13,9,0,0,1,0
5.860786,12,10,1,0,1,0
6.583409,12,10,1,1,0,0
6.343881,15,6,1,0,1,0
5.480639,11,8,1,1,1,0
6.109248,8,18,0,0,1,0
5.823046,11,16,1,0,1,0
5.662961,10,13,1,0,1,0
6.023448,17,1,0,0,1,1
6.742881,12,11,0,0,1,1
6.77308,16,10,0,0,1,1
5.686975,11,12,1,0,1,1
5.703783,8,12,1,0,1,1
5.666427,16,4,1,1,1,1
5.697093,9,14,1,0,1,1
5.888878,5,21,1,0,1,1
7.000334,12,12,1,1,0,1
6.142037,16,11,1,1,0,1
5.57973,14,7,1,0,1,1
6.732211,16,8,0,1,1,1
6.357842,16,9,0,0,1,1
5.416101,10,11,1,0,1,1
5.459586,12,7,1,0,1,1
5.521461,12,8,1,1,1,1
5.278115,12,10,0,0,1,1
6.163315,12,14,1,0,1,1
6.214608,11,9,0,0,1,1
5.811141,8,15,1,0,1,1
6.118097,10,11,1,0,1,1
6.851185,16,3,0,1,1,1
5.673323,13,5,0,0,1,1
6.253829,16,5,0,0,1,1
6.161207,15,7,0,0,1,1
5.69036,8,18,0,0,1,1
6.040255,12,15,0,1,1,1
6.251904,12,8,0,0,1,1
5.755742,12,14,0,0,1,1
5.926926,12,10,0,0,1,1
6.309918,13,6,1,0,1,1
6.850126,8,19,0,0,1,1
6.163315,16,5,0,1,1,1
5.97381,16,5,0,1,1,1
6.620073,11,7,0,1,1,1
6.198479,13,9,0,1,1,1
6.214608,12,10,1,1,1,1
5.590987,11,7,1,1,1,1
6.163315,12,15,1,1,1,1
5.899898,12,13,1,1,1,1
5.638355,11,9,1,1,1,1
5.521461,14,4,1,1,1,1
5.572154,12,15,1,1,1,1
6.919684,18,5,0,1,0,1
6.725034,17,5,0,1,1,1
5.746203,16,2,0,1,0,1
6.869014,14,12,0,1,1,1
5.846439,9,14,1,1,1,1
5.703783,11,8,1,1,1,1
5.926926,11,15,1,1,1,1
6.214608,14,4,0,1,1,1
5.846439,12,7,0,1,1,1
5.765191,9,19,1,1,1,1
5.991465,11,9,1,1,1,1
6.306275,13,8,1,1,1,1
5.438079,7,12,1,1,1,1
6.035481,12,8,0,0,1,1
6.2672,13,10,0,1,1,1
6.76273,10,17,0,1,1,1
6.251904,13,15,0,1,1,1
5.81413,11,12,0,1,1,1
6.76273,13,14,0,1,1,1
6.253829,8,13,0,0,1,1
6.751101,17,4,0,1,1,1
5.755742,12,6,0,0,1,1
6.72263,18,9,0,1,1,1
6.774224,16,9,0,1,1,1
7.225482,14,13,0,1,1,1
6.111467,16,12,0,1,1,1
6.527958,18,10,0,0,1,1
6.075346,13,9,0,1,1,1
6.816736,13,13,0,1,1,1
6.751101,13,14,0,0,1,1
6.39693,10,18,0,1,1,1
5.545177,12,10,1,1,1,1
5.926926,12,11,1,1,1,1
6.089045,16,5,1,1,1,1
6.003887,13,6,1,1,1,1
6.016157,12,14,1,1,1,1
5.703783,15,6,0,1,1,1
6.54103,16,4,0,1,1,1
6.919684,18,6,0,1,0,1
6.113682,15,5,1,1,1,0
5.961005,12,10,0,1,1,0
6.198479,18,3,0,0,1,0
5.746203,5,20,0,0,1,0
6.357842,14,6,0,1,1,1
5.926926,12,6,0,1,1,1
6.484635,12,15,0,1,0,1
6.563856,16,4,0,1,1,1
6.23637,14,6,1,1,1,1
6.437752,12,16,0,1,1,1
6.131227,14,5,0,1,1,1
6.437752,14,13,0,1,1,1
6.35437,12,10,1,1,1,1
6.214608,12,7,1,1,1,1
6.025866,13,8,1,1,0,1
6.154858,13,7,1,1,0,1
6.253829,12,11,1,1,1,1
6.620073,13,8,1,1,0,1
6.194406,12,7,1,1,1,1
6.052089,18,7,1,1,0,1
6.282267,12,14,1,1,1,1
6.613384,13,7,0,1,1,0
5.991465,12,6,0,1,1,0
5.768321,12,10,0,1,1,0
6.40688,17,6,0,1,1,0
6.33328,11,7,0,1,1,0
5.783825,12,9,1,1,1,0
6.710523,13,10,0,1,1,0
6.697034,12,14,0,1,1,0
5.924256,12,8,0,1,1,0
5.703783,12,14,0,1,1,0
6.428105,12,11,0,1,1,1
6.463029,18,8,0,0,1,1
6.371612,12,13,0,1,1,1
6.375025,12,12,0,1,1,1
6.278522,12,6,1,1,1,1
5.783825,12,12,1,1,1,1
6.484635,13,7,1,1,1,1
6.424869,13,6,1,1,1,1
6.400258,12,6,1,1,1,1
6.309918,16,4,1,1,1,1
6.530878,16,3,1,1,1,1
6.437752,10,14,1,1,1,1
6.086775,11,14,1,1,1,1
5.030438,6,21,1,1,1,1
6.388561,10,11,1,1,1,1
6.135565,11,10,1,1,1,1
5.703783,11,9,1,1,1,1
6.214608,10,15,1,1,1,1
6.001415,10,13,1,1,1,1
5.616771,10,16,1,1,1,1
5.991465,8,18,1,0,1,1
6.39693,18,4,0,0,1,1
6.357842,13,8,0,0,1,1
5.926926,12,9,0,0,1,1
5.717028,12,8,0,0,1,1
5.641907,12,10,1,0,1,1
5.616771,14,8,1,0,1,1
6.453625,12,7,0,0,1,1
6.566672,18,1,1,1,0,1
6.865891,13,9,1,1,0,1
6.463029,16,7,1,0,1,1
6.095825,13,5,0,0,1,1
5.459586,9,19,1,1,1,1
6.163315,15,4,1,1,1,1
5.529429,12,8,1,0,1,1
6.453625,14,7,0,1,1,1
5.966147,13,7,1,0,1,1
6.023448,9,18,1,0,1,1
5.991465,11,12,1,1,0,1
5.662961,8,11,1,0,1,1
5.886104,12,7,1,1,1,1
6.511745,12,14,0,0,1,1
5.97381,10,18,1,1,1,0
6.357842,16,4,1,1,1,0
5.236442,11,9,1,1,1,0
5.652489,5,16,1,1,1,0
5.926926,9,19,1,1,1,0
6.64639,17,7,0,1,1,0
6.324359,17,3,0,1,0,0
7.474772,18,4,0,1,0,0
6.543912,12,16,0,1,1,0
6.192362,10,8,0,0,0,0
6.232448,12,6,0,1,1,0
6.706862,12,15,0,0,1,0
5.616771,7,17,0,0,1,0
6.39693,12,12,0,0,1,0
6.357842,13,6,0,1,1,1
5.438079,14,4,0,1,1,1
6.228511,11,9,0,1,0,1
6.40688,12,8,0,1,1,1
6.700731,12,6,0,1,1,1
5.652489,10,9,0,1,1,1
6.973543,16,9,0,1,1,1
7.399398,14,12,0,1,1,1
6.756932,16,8,0,0,1,1
6.628041,14,6,0,1,1,1
6.620073,15,4,0,1,1,1
6.082219,12,14,0,1,1,1
7.008505,12,15,0,1,1,1
5.673323,17,7,1,1,1,1
5.805135,12,8,1,1,0,1
6.033086,13,7,0,0,1,1
6.437752,13,11,0,1,1,1
6.135565,12,9,0,0,1,1
5.521461,8,20,0,0,1,1
6.253829,18,6,0,0,0,1
5.010635,14,8,0,1,1,1
5.991465,14,5,0,1,0,1
5.953243,18,5,0,0,0,1
6.357842,15,13,0,1,0,1
6.287858,18,10,0,1,0,1
6.685861,17,5,0,1,0,1
6.214608,17,1,0,1,0,1
6.795706,13,10,0,1,0,1
6.437752,14,7,0,1,0,1
5.777652,14,8,0,0,0,1
6.357842,12,14,0,1,0,1
6.056784,12,7,0,1,0,1
5.484797,10,15,0,1,0,1
6.630683,17,5,0,1,0,1
7.590347,16,10,0,1,0,1
6.543912,12,14,0,1,0,1
6.196444,16,4,0,1,0,1
6.336826,16,2,0,1,0,1
5.828946,10,14,0,1,0,1
5.697093,13,8,0,1,0,1
5.7301,13,6,0,1,0,1
7.000334,13,5,0,1,0,1
6.023448,11,7,0,1,0,1
6.40688,12,15,0,1,0,1
6.214608,12,7,0,1,0,1
6.378426,15,4,0,1,0,1
6.437752,13,9,0,1,0,1
5.966147,10,9,0,1,0,1
6.09357,14,11,0,1,0,1
6.561031,13,7,0,1,0,1
6.656726,16,5,0,1,0,1
6.234411,12,10,1,1,0,1
6.09131,17,2,0,1,0,1
5.991465,13,7,0,1,0,1
7.150702,18,4,0,1,0,1
6.003887,12,8,1,1,0,1
6.511745,12,10,1,1,0,1
5.634789,10,11,1,1,0,1
5.857933,10,8,1,1,0,1
7.602401,18,6,0,1,0,1
6.645091,16,4,0,1,0,1
6.763885,16,7,0,1,0,1
6.779922,15,11,0,1,0,1
6.309918,12,8,0,1,0,1
6.413459,14,8,0,1,0,1
6.357842,13,6,0,1,0,1
4.997212,12,7,1,1,0,1
6.71417,16,7,0,1,0,1
6.55108,14,6,0,1,0,1
6.620073,18,3,0,1,0,1
6.55108,17,11,0,0,0,1
6.539586,18,8,0,1,0,1
5.7301,11,10,1,1,0,1
6.76273,17,8,0,0,0,1
6.54103,14,4,1,1,0,1
6.684612,11,7,1,1,0,1
6.511745,14,12,1,1,0,1
6.244167,14,5,0,1,1,1
6.568078,16,9,0,1,0,1
6.739336,13,6,0,1,0,1
6.785588,14,5,0,1,0,1
6.54103,14,7,0,1,0,1
6.746412,12,16,0,1,0,1
6.603944,12,11,0,1,0,1
6.175867,14,5,0,1,0,1
6.678342,16,8,0,1,0,1
6.361302,13,13,0,0,0,1
6.767343,12,16,0,1,0,1
6.357842,16,5,0,1,0,1
7.233455,17,10,0,1,0,1
7.379632,14,11,0,1,0,1
6.514713,12,12,1,1,0,1
6.135565,18,8,0,1,0,1
6.496775,12,11,0,1,0,1
6.739336,12,6,0,1,0,1
6.487684,12,15,0,0,0,1
7.090077,15,6,0,1,0,1
6.64639,13,14,0,1,0,1
5.521461,12,9,1,1,0,1
5.83773,12,6,0,1,0,1
7.65681,12,16,0,1,0,1
6.936343,18,3,0,1,0,1
6.569481,12,7,0,1,0,1
6.388561,10,12,0,1,0,1
6.725034,15,11,0,1,1,1
5.991465,15,7,0,1,0,1
6.580639,14,11,1,1,0,1
5.117994,12,13,1,1,0,1
6.146329,14,7,0,1,0,1
6.466145,18,3,0,1,0,1
6.39693,13,15,0,1,0,1
5.991465,12,6,0,1,0,1
6.907755,13,5,0,1,0,1
6.50129,14,8,0,1,0,1
6.315358,16,2,0,1,0,1
6.665684,14,8,0,1,0,1
6.50279,15,7,0,1,0,1
5.703783,10,9,0,1,0,1
6.546785,16,8,0,1,0,1
6.082219,14,13,0,0,0,1
6.529419,13,6,0,1,0,1
6.025866,14,6,0,1,0,1
6.621406,12,7,0,1,0,1
5.442418,13,7,0,1,0,1
6.224558,16,7,0,1,0,1
6.39693,16,8,0,0,0,1
7.177019,18,9,0,1,0,1
6.964136,18,8,0,1,0,1
6.440947,15,11,0,1,0,1
6.956545,16,11,0,1,0,1
6.890609,18,8,0,0,0,1
7.156177,18,10,0,1,0,1
6.706862,12,8,0,1,0,1
6.214608,17,1,0,1,0,1
6.579251,12,14,0,1,0,1
6.287858,12,11,0,1,0,1
6.84375,17,11,0,0,0,1
5.703783,11,8,0,1,0,1
6.660575,11,15,0,0,0,1
6.476973,8,20,0,0,0,1
6.903747,18,5,0,1,0,1
6.36647,17,5,0,1,0,1
5.442418,16,4,0,1,0,1
6.289716,16,3,0,0,0,1
6.44254,15,13,1,1,0,1
6.51323,12,10,1,1,0,1
5.442418,16,5,0,1,0,1
6.57368,18,5,0,1,0,1
5.655992,13,5,0,1,0,1
6.214608,15,5,0,1,0,1
5.743003,16,5,0,1,0,1
5.298317,11,8,0,1,0,1
7.008505,16,11,0,1,0,1
6.368187,12,11,0,1,0,1
6.001415,16,8,0,1,0,1
6.426488,13,6,0,1,0,1
5.624018,16,5,0,1,0,1
6.869014,17,2,0,1,1,1
6.539586,15,9,0,1,0,1
6.33328,12,10,0,1,0,1
7.197435,8,19,0,1,0,1
6.511745,14,11,0,1,0,1
6.75227,16,10,0,0,0,1
5.560682,16,10,0,1,0,1
6.35437,15,7,0,1,0,1
6.439351,13,5,0,1,0,1
7.274479,12,14,0,1,0,1
5.817111,14,8,0,0,0,1
6.357842,12,9,0,1,0,1
6.173786,13,5,0,1,0,1
5.521461,15,7,0,1,0,1
6.1717,11,7,0,1,0,1
6.945051,15,13,0,1,0,1
6.993933,18,9,0,1,0,1
6.135565,18,2,0,1,0,1
6.437752,12,14,0,0,0,1
6.705639,16,3,0,1,0,1
5.888878,14,8,0,1,0,1
5.768321,12,9,0,1,0,1
5.849325,16,10,0,1,0,1
6.758094,12,12,0,1,0,0
5.641907,10,10,0,1,0,0
6.549651,12,6,0,1,0,0
6.421622,12,6,0,1,0,0
6.070738,11,8,0,0,0,0
6.280396,16,3,0,1,0,1
6.437752,16,4,0,1,0,1
6.357842,18,2,0,1,0,1
6.736967,12,6,0,1,0,1
6.001415,16,4,0,1,0,1
6.315358,15,11,0,1,0,1
6.921658,18,7,0,1,0,1
5.783825,16,7,0,1,0,1
6.647688,15,9,0,1,0,1
6.55108,14,4,0,1,0,1
6.306275,17,1,0,1,0,1
6.437752,16,4,0,1,0,1
6.814543,16,6,0,1,0,1
6.613384,12,15,0,1,0,1
6.51323,12,6,0,0,0,1
6.705639,16,6,0,0,0,0
6.64639,15,4,0,1,0,1
6.588926,15,6,0,1,0,1
6.50129,12,6,0,1,0,1
6.533789,14,7,0,1,0,1
6.327937,14,6,0,1,0,1
6.214608,16,6,0,1,0,1
6.507277,14,8,0,1,0,1
6.869014,12,16,0,1,0,1
6.58755,16,6,0,1,0,1
6.869014,16,11,0,1,0,1
6.421622,17,10,0,1,0,1
7.05099,13,13,0,1,0,1
6.514713,13,10,0,1,0,1
6.045005,12,8,0,1,0,1
6.968851,12,7,0,1,0,1
7.069024,18,9,0,1,0,1
6.747587,15,6,0,1,0,1
6.413459,12,6,0,1,0,1
6.047372,18,9,0,1,0,1
7.090077,12,11,0,1,0,1
6.936343,14,14,0,1,0,1
6.309918,14,8,0,1,0,1
6.685861,15,10,0,1,0,1
6.297109,12,13,0,1,0,1
5.857933,9,16,0,1,0,1
6.620073,14,12,0,1,0,1
6.109248,14,14,0,1,0,1
6.39693,14,4,0,1,0,1
6.751101,12,15,0,1,0,1
6.590301,14,6,0,1,0,1
6.54103,12,16,0,1,0,1
6.932448,10,11,0,1,0,1
7.05099,14,8,0,1,0,1
6.890609,16,10,0,1,0,1
6.588926,15,13,0,1,0,1
6.282267,14,14,0,1,0,1
6.276643,12,7,0,1,0,1
5.666427,13,7,0,1,0,1
5.746203,17,3,0,1,0,1
6.001415,13,5,0,1,0,1
7.003066,18,6,0,1,0,1
6.49224,12,9,0,1,0,1
6.070738,12,14,0,1,0,1
5.991465,17,4,0,1,1,1
5.572154,15,5,0,1,0,1
5.991465,13,15,0,1,0,1
6.357842,16,12,0,0,0,1
6.070738,12,6,0,1,0,1
6.152733,17,2,0,1,0,1
5.541264,17,2,0,1,0,1
6.437752,12,8,0,0,0,1
6.507277,13,15,0,1,0,1
6.955593,12,12,0,1,0,1
7.520776,17,11,0,1,0,1
6.645091,15,12,0,1,0,1
6.533789,11,17,1,1,0,1
6.476973,15,3,0,1,0,1
6.1717,16,4,0,0,0,1
5.831882,16,2,0,0,0,0
6.809039,14,12,0,1,0,0
5.860786,12,15,0,0,0,0
6.652863,12,11,0,1,0,0
6.55108,12,8,0,1,0,0
6.383507,16,4,0,0,0,0
6.60665,12,6,0,0,0,0
6.278522,12,9,0,0,0,0
6.033086,16,3,0,1,0,0
7.239933,18,10,0,1,0,0
6.306275,12,16,0,0,0,0
6.487684,11,7,0,0,0,1
6.349139,12,7,0,0,0,1
6.436151,13,10,0,0,0,1
6.09131,16,9,0,1,0,1
6.357842,15,6,0,0,0,1
6.291569,13,8,0,0,0,1
6.734591,15,9,0,0,0,1
6.584791,14,9,0,1,0,0
6.322565,13,7,0,1,0,0
5.811141,13,5,0,0,0,0
6.234411,15,3,0,1,1,0
6.357842,12,13,0,1,0,0
6.23637,12,11,0,1,0,0
5.739793,15,4,0,1,0,1
6.357842,12,16,0,1,0,1
6.507277,12,16,0,1,0,1
6.447306,12,9,0,1,0,1
6.50129,16,3,0,1,0,1
5.991465,14,7,0,1,0,1
5.393628,11,7,0,0,0,1
6.357842,13,11,0,1,0,1
6.047372,13,10,0,1,0,1
6.472346,16,5,0,1,0,1
5.843544,15,7,0,1,0,1
6.733402,16,3,0,1,1,1
6.437752,15,4,0,1,0,1
6.907755,9,15,0,1,0,1
6.823286,16,9,0,1,0,1
6.593045,12,13,0,1,0,1
6.104793,12,6,0,1,1,1
6.180017,14,9,0,1,0,1
6.018593,12,7,0,1,0,1
6.785588,14,10,0,1,0,1
5.857933,14,7,0,1,0,0
6.214608,17,4,0,0,0,0
6.597146,15,12,0,1,0,0
6.12905,13,11,0,1,0,0
6.580639,16,6,0,1,0,0
6.549651,15,11,0,1,1,0
6.665684,14,10,0,1,0,0
6.829794,16,7,0,1,0,0
6.107023,14,6,0,1,0,0
5.783825,15,3,0,0,0,0
6.526495,13,13,0,0,0,0
6.257668,16,10,0,1,0,0
6.152733,18,4,0,1,0,0
6.293419,12,16,0,0,0,0
6.747587,14,9,0,0,0,0
5.991465,12,12,0,0,0,0
6.304449,18,3,0,0,0,0
6.357842,16,10,0,0,0,0
5.703783,11,7,0,0,0,0
6.973543,16,10,0,0,0,0
6.580639,12,14,0,0,0,0
6.511745,17,8,0,1,0,0
6.605298,17,4,0,1,1,0
7.298445,12,8,0,1,0,0
6.774224,17,4,0,0,0,0
6.802395,12,15,0,0,0,0
6.685861,13,12,0,0,0,0
6.309918,13,7,0,0,0,0
6.35437,10,18,0,0,0,0
6.291569,12,9,0,0,0,0
6.672033,16,10,0,1,0,0
6.54103,14,8,0,0,0,0
5.521461,16,4,0,0,0,0
6.033086,17,1,0,1,0,0
6.453625,9,17,0,0,0,0
6.023448,12,14,0,1,0,0
5.703783,12,7,0,0,0,0
6.340359,17,3,0,1,0,0
6.463029,16,10,0,0,0,0
5.874931,13,10,0,0,0,0
5.991465,12,15,0,0,0,0
6.023448,12,13,0,0,0,0
6.274762,14,13,0,0,0,0
6.453625,16,7,0,0,0,0
4.969813,14,7,0,0,0,0
6.309918,14,11,0,0,0,0
6.186209,12,14,0,0,0,0
6.393591,17,8,0,1,0,0
6.135565,14,6,0,1,1,0
6.699501,16,4,0,0,0,0
6.437752,12,7,0,0,0,0
6.949856,12,13,0,0,0,0
6.684612,16,5,0,1,0,0
6.699501,16,5,0,1,0,0
6.070738,17,3,0,1,0,0
6.621406,17,5,0,1,0,0
5.68358,14,6,0,1,0,0
6.056784,12,7,0,1,0,1
6.55108,12,15,0,1,0,1
5.648974,16,3,0,1,0,1
6.295266,14,7,0,0,0,1
6.173786,12,7,0,1,0,1
5.934894,16,4,0,1,0,1
6.230482,16,8,0,1,0,1
6.214608,12,7,0,1,0,1
6.583409,12,15,0,1,0,1
5.393628,12,7,0,0,0,1
6.163315,15,3,0,0,0,1
7.091742,13,7,0,1,0,1
5.991465,13,5,0,0,0,1
6.398595,16,7,0,1,0,1
6.175867,12,11,0,0,0,1
6.55108,16,11,0,0,0,1
6.645091,12,9,0,1,1,1
6.270988,14,5,0,1,1,1
6.109248,16,8,0,1,1,1
6.33328,10,18,0,1,1,1
6.475433,13,13,0,1,1,1
6.152733,8,18,0,1,1,1
5.616771,16,2,0,1,1,1
6.577861,16,11,0,1,1,1
6.986567,12,15,0,1,1,1
6.511745,16,12,0,1,1,1
5.857933,18,0,0,0,1,0
6.645091,14,8,1,1,1,0
6.476973,12,8,1,0,1,0
6.621406,9,15,0,0,1,0
5.874931,10,11,0,0,1,0
5.521461,9,9,0,0,1,0
5.993961,12,10,0,0,1,0
6.052089,11,8,0,0,1,0
5.659482,9,10,0,0,1,0
5.733341,13,7,1,0,1,0
6.359574,14,4,1,1,0,0
6.082219,16,8,1,0,1,0
6.109248,12,13,0,0,1,0
5.153292,17,5,0,1,1,0
6.270988,16,5,1,1,0,0
6.177944,12,12,1,0,1,0
6.725034,12,9,1,1,0,0
5.560682,12,16,1,0,1,0
5.631212,12,7,1,0,1,0
5.857933,13,6,1,0,1,0
4.976734,11,7,0,0,1,0
5.438079,10,11,1,0,1,0
6.109248,15,3,1,1,0,0
5.953243,16,3,0,1,1,0
6.705639,17,11,0,1,1,0
6.869014,16,8,0,0,1,0
6.011267,13,9,0,0,1,0
6.265301,16,3,0,1,1,0
6.359574,13,5,0,1,0,0
6.429719,14,8,0,0,1,0
5.438079,12,7,0,1,1,1
6.363028,11,13,1,1,1,1
7.051856,18,8,0,1,1,1
5.940171,12,10,1,1,1,1
6.423247,16,5,1,1,1,1
6.109248,12,10,1,1,1,1
6.052089,12,7,1,1,1,1
6.214608,12,10,1,1,1,1
6.569481,12,7,0,1,1,1
6.620073,12,7,0,1,1,1
5.777652,15,3,0,1,1,1
6.945051,13,9,0,1,1,1
6.196444,16,3,0,1,1,1
6.263398,13,10,0,1,1,1
5.961005,11,12,1,1,1,1
6.131227,10,10,1,1,1,1
5.991465,15,3,1,1,1,1
6.602588,15,6,1,1,1,1
6.395262,14,6,1,1,1,1
7.030858,18,9,1,0,1,0
6.398595,14,5,1,1,1,1
5.697093,10,10,1,1,1,1
5.459586,12,9,1,1,1,1
5.393628,13,6,1,1,1,1
6.546785,8,12,1,1,1,1
6.295266,9,9,1,1,1,1
5.521461,12,7,1,1,1,1
5.991465,16,4,0,1,1,1
6.047372,15,10,0,1,1,1
5.669881,12,7,0,1,1,1
5.509388,10,17,1,1,1,1
5.940171,13,7,1,1,1,1
6.486161,12,6,0,1,1,1
6.566672,12,14,0,1,1,1
6.175867,14,9,0,1,1,1
6.463029,16,3,0,1,1,1
6.390241,12,14,0,1,1,1
6.359574,7,18,0,1,1,1
6.519147,16,8,0,1,1,0
7.338238,16,10,0,1,1,0
6.756932,12,15,0,1,1,0
6.280396,18,8,0,1,1,0
5.7301,12,9,0,1,1,0
6.39693,14,9,0,0,1,0
6.437752,8,17,0,0,1,0
6.291569,13,10,0,1,1,0
5.840641,13,8,0,0,1,0
6.214608,12,7,0,0,1,0
5.768321,11,9,1,1,0,0
5.934894,18,3,1,0,1,0
5.236442,15,4,1,0,1,0
5.123964,9,18,1,0,1,0
5.521461,2,17,1,0,1,0
5.247024,3,15,1,0,1,0
6.907755,12,10,1,1,0,0
6.335054,12,6,1,0,1,0
6.436151,9,9,1,0,1,0
6.570883,12,6,1,1,1,0
6.287858,12,6,0,0,1,0
5.872118,13,7,1,0,1,0
5.480639,12,6,1,0,1,0
6.035481,12,6,0,0,1,0
6.933423,13,8,0,0,1,1
5.686975,17,9,0,0,1,1
6.309918,12,8,1,1,1,1
6.287858,12,9,1,1,1,1
5.857933,5,19,0,0,1,1
6.566672,12,9,0,0,1,1
5.433722,12,11,1,0,1,1
5.393628,12,9,1,0,1,1
5.736572,12,11,1,0,1,1
5.768321,12,6,1,1,0,1
5.713733,12,9,1,0,1,1
6.109248,13,7,0,0,1,1
6.624065,12,11,1,1,1,1
6.082219,12,8,0,0,1,1
5.783825,11,11,1,0,1,1
6.74052,16,10,0,0,1,1
5.746203,14,6,0,0,1,1
6.1717,13,15,0,1,1,1
6.061457,12,13,0,1,1,1
6.194406,14,9,0,1,1,1
5.888878,12,6,0,1,1,1
5.991465,14,13,0,1,1,1
6.047372,12,6,1,1,1,1
5.739793,12,9,1,0,1,1
5.602119,11,10,1,0,1,1
5.953243,18,2,1,1,1,1
6.270988,16,2,1,1,1,1
6.55108,11,14,0,0,1,1
5.9428,10,16,0,0,1,1
6.142037,12,10,0,0,1,1
5.991465,10,18,0,0,1,1
6.120297,10,17,0,0,1,1
5.560682,12,6,1,0,1,0
6.558198,13,9,1,1,0,0
6.033086,13,11,0,0,1,0
5.521461,11,10,1,0,1,0
6.131227,12,6,1,0,1,0
5.783825,8,12,1,0,1,0
5.616771,9,10,1,0,1,0
5.783825,12,8,1,0,1,0
5.703783,15,4,1,1,0,0
5.521461,8,17,1,0,1,0
5.662961,12,10,0,0,1,0
6.309918,13,9,1,1,1,0
6.061457,12,15,0,0,1,0
5.926926,8,16,1,1,1,0
6.357842,9,15,0,0,1,0
6.274762,13,6,0,0,1,0
5.521461,12,6,0,1,1,0
6.086775,12,9,0,0,1,0
6.124683,12,8,0,0,1,0
6.082219,12,9,0,0,1,0
6.309918,12,9,1,0,1,0
6.476973,16,3,0,1,1,0
6.047372,11,9,0,0,1,0
6.040255,13,8,0,1,1,0
5.298317,14,5,0,1,1,0
5.991465,8,12,0,0,1,0
5.703783,9,9,0,1,1,0
6.570883,12,12,0,1,1,0
5.986452,12,7,0,0,1,0
5.986452,9,14,0,0,1,0
6.598509,16,6,0,1,1,0
6.533789,12,7,0,0,1,0
5.356586,6,16,0,0,1,0
6.120297,12,13,0,0,1,0
5.857933,15,3,0,1,1,0
6.357842,16,6,0,0,1,0
6.549651,16,9,0,0,0,0
5.926926,16,5,0,0,1,0
5.926926,13,5,0,0,1,0
5.897154,12,15,0,0,1,0
5.393628,12,11,1,1,1,0
6.431331,16,9,1,1,1,0
5.926926,11,14,1,0,1,0
5.831882,16,4,1,0,1,0
5.940171,16,2,1,0,1,0
5.560682,11,15,0,1,1,0
6.192362,8,16,1,1,1,0
6.070738,11,9,1,1,1,0
5.899898,11,10,1,1,1,0
5.549076,14,13,1,1,1,0
6.240276,14,6,0,1,1,0
5.662961,15,10,0,1,1,0
6.763885,18,6,0,1,1,0
6.070738,12,7,0,1,1,0
6.214608,1,22,0,1,1,0
6.306275,16,2,0,1,1,0
5.991465,12,11,0,1,1,0
6.070738,9,15,0,1,1,0
5.926926,13,5,0,0,1,0
6.304449,12,14,0,1,1,0
5.926926,12,6,0,0,1,0
6.214608,14,5,0,0,1,0
5.872118,16,2,0,0,1,0
6.39693,12,11,0,1,0,0
6.476973,12,16,0,1,1,0
6.742881,12,14,0,1,1,0
5.783825,12,9,0,1,1,0
5.666427,12,15,1,0,1,1
6.124683,14,4,1,0,1,1
6.566672,14,9,1,1,1,1
6.023448,13,15,0,0,1,1
6.475433,16,3,1,1,1,1
6.45047,13,7,0,1,1,1
6.580639,16,6,0,0,1,1
6.816736,12,14,0,1,1,1
5.926926,13,7,0,0,1,1
6.383507,18,3,0,1,1,1
6.638568,16,10,0,0,1,0
6.214608,12,8,0,0,1,0
5.616771,11,8,1,1,0,0
5.560682,10,8,1,1,0,0
6.869014,16,6,0,0,1,0
6.437752,12,10,1,0,1,0
5.808143,12,8,1,0,1,0
6.437752,12,11,1,0,1,0
5.521461,10,8,1,0,1,0
5.883322,12,16,1,0,1,0
6.309918,12,16,1,0,1,0
5.998937,12,6,1,0,1,0
6.137727,11,9,1,1,0,0
5.981414,12,6,1,0,1,0
5.627621,12,6,1,0,1,0
5.991465,14,7,1,0,1,0
6.028278,16,2,1,0,1,0
6.135565,12,15,1,0,1,0
7.273787,18,9,0,0,1,0
4.828314,4,17,1,0,1,0
5.298317,10,18,1,0,1,0
5.703783,10,15,1,0,1,0
6.25575,10,16,1,0,1,0
5.583496,13,6,1,1,1,0
5.783825,11,9,1,0,1,0
5.857933,9,15,1,1,1,0
5.828946,9,19,1,0,1,0
6.437752,13,6,1,0,1,0
5.365976,10,13,0,0,1,0
6.533789,12,10,0,0,1,0
5.616771,8,18,0,1,1,0
6.124683,10,16,0,0,1,0
6.421622,12,8,1,1,1,0
6.59578,16,3,1,1,0,0
5.09375,12,8,1,0,1,0
5.560682,8,10,1,0,1,0
6.198479,11,10,0,0,1,0
6.35437,12,8,1,1,0,0
6.234411,12,7,1,1,0,0
6.336826,8,12,1,1,1,0
6.244167,9,14,1,0,1,0
6.154858,8,11,1,1,0,0
5.81413,13,8,1,0,1,0
6.175867,12,10,1,0,1,0
6.464588,12,8,1,0,1,0
6.350886,10,9,1,0,1,0
5.752573,6,20,1,0,1,0
5.886104,11,13,1,1,1,0
5.826,12,7,1,1,1,0
5.991465,13,7,0,0,1,0
5.703783,15,3,0,0,1,0
6.363028,10,18,0,0,1,0
5.771441,14,4,0,0,1,0
6.163315,12,8,1,1,0,0
6.098074,7,12,1,1,0,0
5.703783,6,13,1,0,1,0
5.529429,10,11,1,0,1,0
6.037871,12,7,1,0,1,0
5.758902,6,22,1,0,1,0
6.315358,16,7,0,0,1,0
6.580639,18,7,0,0,1,0
6.591674,13,6,0,0,1,0
5.749393,12,7,0,1,1,0
5.393628,9,12,0,0,1,0
5.459586,8,11,1,0,1,1
5.808143,9,12,1,0,1,1
5.808143,11,9,1,0,1,1
5.808143,11,13,1,0,1,1
5.940171,12,10,1,0,1,1
5.966147,12,8,1,0,1,1
5.521461,5,23,1,0,1,1
6.511745,17,4,1,1,1,1
6.180017,16,4,1,1,1,1
6.645091,16,3,1,1,1,1
5.783825,4,15,1,1,1,1
6.142037,11,13,1,0,1,1
5.857933,14,4,0,0,1,1
5.926926,12,8,1,1,1,1
5.703783,5,16,0,0,1,1
6.163315,16,3,1,1,1,1
6.269096,12,9,1,1,0,1
6.240276,10,10,1,0,1,1
6.098074,12,9,1,1,0,1
5.57973,11,12,1,0,1,1
5.560682,12,9,1,0,1,1
5.762052,9,9,1,1,1,1
6.439351,12,8,0,0,1,0
5.991465,11,8,0,0,1,0
5.934894,14,4,0,1,1,0
6.688354,16,7,0,0,1,0
6.102559,16,3,0,0,1,0
5.765191,15,7,0,0,1,0
5.993961,8,16,0,0,1,0
6.082219,9,12,0,1,1,0
6.033086,10,8,0,1,1,0
5.926926,10,9,0,0,1,0
6.423247,16,8,0,1,1,0
5.869297,12,10,0,1,1,0
6.052089,18,4,0,1,1,0
5.57973,12,8,0,0,1,0
6.05444,14,4,0,1,1,0
5.521461,12,7,0,0,1,0
6.327937,17,2,0,1,1,0
5.666427,12,11,0,0,1,0
5.97381,16,4,0,0,1,0
6.357842,12,8,0,1,1,0
5.846439,17,9,0,0,1,0
7.156177,16,6,0,1,1,0
6.76273,17,5,0,1,0,1
6.023448,14,4,0,1,1,1
5.416101,6,17,0,1,0,1
6.001415,14,7,0,1,0,1
6.580639,12,13,0,1,1,1
6.357842,12,12,0,1,1,1
6.214608,12,8,0,0,1,1
5.521461,12,11,0,0,1,1
5.043425,12,8,0,0,1,1
6.006353,12,9,0,0,1,1
5.857933,12,15,1,1,1,0
6.135565,12,8,1,1,1,0
6.214608,10,18,0,1,1,0
6.74052,16,8,0,1,1,0
6.357842,12,11,0,1,1,0
5.991465,16,6,0,1,1,0
6.608001,11,17,0,0,0,0
5.857933,14,5,0,1,1,0
6.082219,12,8,0,1,1,0
6.588926,13,6,0,1,1,0
6.877296,11,8,0,1,1,0
6.621406,16,8,0,1,1,0
6.357842,18,6,0,1,1,0
6.001415,16,8,0,0,1,0
6.423247,12,12,0,0,1,0
5.438079,16,3,0,0,1,0
4.955827,12,6,0,0,1,0
5.953243,18,6,0,0,1,0
5.953243,12,9,0,1,1,0
6.045005,12,6,0,0,1,0
6.476973,12,9,1,0,0,0
5.438079,8,16,1,0,1,0
6.510258,15,9,0,0,1,0
5.869297,18,3,1,1,1,0
5.521461,13,7,1,0,1,0
5.703783,11,14,1,0,1,0
5.991465,12,6,1,0,1,0
5.703783,7,21,1,0,1,0
6.131227,13,8,1,0,1,0
6.068426,12,9,1,1,0,0
5.521461,11,9,1,0,1,0
5.752573,5,17,0,1,1,0
6.437752,12,10,0,0,1,0
6.214608,10,10,0,0,1,0
5.802118,12,9,0,0,1,0
6.371612,12,10,0,0,1,0
5.768321,13,9,1,0,1,0
5.703783,11,11,1,0,1,0
6.603944,16,10,0,0,1,0
5.953243,12,12,1,0,1,0
6.463029,13,7,1,0,1,0
5.783825,5,21,1,0,1,0
6.006353,12,6,1,0,1,0
5.703783,6,20,1,0,1,0
5.170484,7,16,1,0,1,0
6.109248,11,10,1,0,1,0
5.676754,10,8,1,0,1,0
6.685861,12,9,0,0,1,0
5.926926,9,12,1,0,1,0
5.438079,10,8,1,0,1,0
6.282267,13,14,1,0,1,0
6.045005,7,18,1,0,1,0
5.888878,10,11,0,0,1,0
5.703783,9,12,0,0,1,0
6.324359,12,10,0,0,1,0
6.152733,16,6,1,0,1,0
6.186209,12,16,0,0,1,0
6.39693,12,8,0,0,1,0
5.894403,11,17,1,0,1,0
5.298317,10,8,1,1,1,0
4.955827,8,16,1,0,1,0
6.104793,12,15,0,0,1,0
5.703783,11,12,1,0,1,0
6.559615,12,13,0,1,0,0
6.280396,12,8,0,1,0,0
5.560682,13,10,1,0,1,0
6.514713,12,8,1,1,0,0
5.560682,7,18,1,0,1,0
5.703783,10,18,1,0,1,0
7.102499,16,5,0,1,1,0
6.357842,17,5,0,0,1,0
5.521461,14,7,1,0,1,0
5.976351,10,14,1,1,0,0
5.616771,8,10,1,0,1,0
5.416101,9,17,1,0,1,0
5.616771,7,12,1,0,1,0
5.874931,9,15,1,0,1,0
6.785588,12,7,1,1,0,0
5.257495,16,2,1,1,1,0
6.040255,7,16,1,0,1,0
5.926926,7,20,1,0,1,0
5.897154,7,18,1,0,1,0
5.991465,12,8,0,0,1,0
5.866468,12,8,1,1,1,0
5.703783,13,10,0,0,1,0
6.030685,15,4,0,1,1,0
6.39693,11,9,1,0,1,0
6.880384,13,10,1,1,0,0
5.438079,5,18,1,0,1,0
5.739793,12,9,1,0,1,0
5.613128,8,17,1,0,1,0
5.991465,11,10,1,1,0,0
5.298317,8,12,1,0,1,0
6.075346,13,7,1,0,1,0
5.438079,6,17,1,0,1,0
6.594413,6,18,1,1,0,0
5.598422,10,17,1,0,1,0
5.170484,8,12,1,0,1,0
5.521461,12,7,1,0,1,0
5.808143,10,14,1,0,1,0
6.082219,12,7,1,1,0,0
6.059123,16,4,1,1,1,0
6.60665,16,7,0,1,1,0
6.55108,12,8,1,1,0,0
5.501258,12,6,1,0,1,0
5.438079,12,8,1,0,1,0
5.609472,15,8,1,0,1,0
6.448889,14,8,1,1,0,0
5.666427,16,3,1,1,0,0
5.703783,8,18,1,0,1,0
5.438079,10,13,1,0,1,0
5.978886,8,16,1,0,1,0
6.349139,9,9,1,0,1,0
6.437752,17,7,1,1,0,0
6.309918,16,3,1,1,0,0
5.521461,9,11,1,0,1,0
5.894403,8,13,0,0,1,0
4.60517,14,14,1,0,1,0
5.857933,12,15,1,1,0,0
5.669881,10,9,1,0,1,0
5.521461,4,22,1,0,1,0
6.725034,8,19,1,1,1,0
6.075346,10,9,1,1,1,0
5.808143,12,9,1,1,0,0
5.723585,12,8,0,0,1,0
6.350886,18,9,0,0,1,0
5.662961,12,7,0,1,1,0
6.137727,12,10,1,1,1,0
5.963579,12,16,0,0,1,0
7.008505,16,10,0,0,1,0
5.501258,16,2,0,1,1,0
5.880533,12,7,0,1,1,0
5.877736,8,20,0,1,1,0
5.991465,12,12,1,0,1,0
5.703783,10,9,0,0,1,0
6.315358,16,5,0,1,1,0
5.703783,8,17,0,0,1,0
6.109248,7,17,0,1,1,0
6.013715,12,7,0,0,1,0
5.521461,14,4,0,1,1,0
5.820083,16,2,0,1,1,0
5.634789,16,2,0,1,1,0
6.259582,13,5,0,1,1,0
6.240276,16,4,0,1,1,0
6.53814,14,11,0,1,1,0
6.052089,16,5,0,0,0,0
5.888878,13,5,0,1,1,0
6.295266,12,6,0,0,0,0
6.645091,12,14,0,1,1,0
6.224558,12,7,0,1,1,0
6.381816,17,2,0,1,1,0
6.037871,16,3,0,1,1,0
5.926926,16,4,0,1,1,0
5.910797,17,3,0,1,1,0
6.082219,11,9,0,1,1,0
6.428105,17,6,0,1,0,0
6.453625,16,11,0,1,1,0
6.214608,12,8,0,1,1,0
6.774224,12,14,0,1,1,0
6.453625,17,11,0,1,1,0
5.746203,14,4,0,0,0,0
5.857933,15,3,0,0,1,0
6.753438,9,9,0,0,1,0
5.298317,11,14,1,0,1,0
5.948035,12,6,1,1,0,0
5.501258,12,12,1,0,1,0
6.694562,12,14,1,0,1,0
6.135565,18,9,1,0,1,0
6.357842,16,7,1,0,1,0
6.226537,17,8,1,1,0,0
6.869014,17,5,0,0,1,0
6.610696,16,4,0,1,1,0
6.109248,12,6,0,1,1,0
6.165418,11,10,1,0,1,0
4.812184,9,10,1,0,1,0
6.677083,11,15,1,1,1,0
5.298317,10,9,1,0,1,0
6.135565,14,12,0,0,1,0
5.416101,10,13,0,0,1,0
6.357842,13,9,0,1,1,0
5.192957,8,18,1,0,1,0
5.783825,9,16,1,0,0,0
6.013715,7,15,1,0,1,0
5.298317,10,9,1,0,1,0
6.289716,16,7,0,0,1,0
5.869297,16,6,0,0,1,0
5.521461,11,11,0,0,1,0
6.54103,16,6,0,0,1,0
6.040255,12,10,0,0,1,0
5.902633,12,15,0,1,1,0
5.860786,11,7,0,0,1,0
6.816736,16,9,0,1,1,0
6.802395,13,9,0,0,1,0
5.703783,7,13,0,0,1,0
5.726848,10,11,0,0,1,0
6.163315,7,14,0,1,1,0
5.828946,11,11,1,0,1,0
6.137727,9,14,1,1,1,0
5.298317,12,12,1,0,1,0
5.752573,15,3,1,0,1,0
6.437752,16,8,1,0,1,0
5.537334,12,12,1,0,1,0
6.109248,9,12,0,0,1,0
5.926926,12,6,1,0,1,0
5.703783,12,8,1,1,0,0
5.897154,12,8,1,0,1,0
6.620073,18,3,1,1,0,0
6.378426,15,7,1,1,1,0
5.57973,10,15,1,1,1,0
5.703783,9,10,1,1,1,0
5.966147,6,21,1,0,1,0
6.214608,10,15,0,0,1,0
6.109248,12,11,0,0,1,0
5.572154,12,9,0,0,1,0
6.068426,14,7,0,0,1,0
5.257495,10,14,1,0,1,0
6.72022,14,14,0,0,1,0
6.240276,16,8,1,1,1,1
6.270988,13,11,1,1,0,1
5.953243,16,4,1,0,1,1
6.214608,13,8,0,0,1,1
6.568078,15,8,0,1,1,1
6.156979,16,5,0,1,1,1
6.152733,12,6,1,0,1,1
6.023448,13,6,1,1,0,1
5.81413,12,7,0,0,1,1
6.175867,13,15,0,1,1,1
6.214608,12,6,0,0,1,1
6.569481,12,13,0,0,1,1
6.263398,13,7,1,0,1,1
